089	beer-hagolah	1#א	מימרא דרב חסדא חולין ד' ק"ה:
089	beer-hagolah	1#ב	הרמב"ם בפ"ט מהמ"א והרשב"א בת"ה ובשם גדולי המחברים וש"פ:
089	beer-hagolah	1#ג	שם בגמ' כמר עוקבא וכפירוש הרא"ש והרמב"ם שם:
089	beer-hagolah	1#ד	כרב חסדא שם:
089	beer-hagolah	1#ה	טור:
089	beer-hagolah	2#א	כפשטא דרבי יוחנן לר' אסי שם:
089	beer-hagolah	2#ב	כרב יצחק בריה דרב משרשיא שם דף ק"ד:
089	beer-hagolah	2#ג	שם בגמרא מדיוקא דתנא אגרא וכו':
089	beer-hagolah	2#ד	ברייתא דב"ש וב"ה שם:
089	beer-hagolah	2#ה	מימרא דרבי זירא שם
089	beer-hagolah	2#ו	מסקנת הגמרא שם:
089	beer-hagolah	2#ז	טור:
089	beer-hagolah	2#ח	שם בשם הרמב"ם מהא דתנא אגרא שם וכפי פירושו היינו דוקא גבינה ואחר כך עוף:
089	beer-hagolah	3#_	מימרא דרב נחמן חולין דף ק"ה. וכפי' התוספות בשם ר"ת דכיון דאין הבשר והגבינה בעין וליכא אלא טעם לא החמירו שיהא חובה ליטול ידיו:
089	beer-hagolah	4#א	טור בסי' צ"א מהירושלמי והג"א בשם א"ז:
089	beer-hagolah	4#ב	תשובו' להרמב"ן סי' קע"ב (ורשב"א סימן ע"ז):
089	beer-hagolah	4#ג	שם:
089	beur-hagra	1#א	אפי' של כו'. כפי' הא דאגרא עוף אחר גבינה הוא מדפריך ארב יצחק והא תני אגרא כו' ועתוס' שם שדחקו בזה אלא דבתחלה בשר אין חילוק וע"כ הא דאגרא אחר גבינה הוא:
089	beur-hagra	1#ב	עד שישהא כו'. דסעודת שחרית של ת"ח הוא בשעה ששית כמ"ש בפ"א דשבת (י' א') ודפסחים ואמר שמואל מסעודתא כו' ומדינא קאמר דהא קרי נפשיה חלא שלא עשה גדר להחמיר. רי"ף ע"ש:
089	beur-hagra	1#ג	ואפילו כו' והלועס כו'. דהרמב"ם כתב הטעם משום בשר שבין השינים שאין מתעכל עד ו' שעות ולפ"ז היה מותר אחר ו' שעות והטור כ' הטעם משום שהבשר מוציא שומן ומושך טעם זמן ארוך ולפ"ז הלועס א"צ להמתין וכ' הטור שיש להחמיר כשני הפירושים:
089	beur-hagra	1#ד	ואם מצא כו'. נהי דאין מושך טעם לא גרע מגבינה דג"כ אינו מושך טעם דלכך מותר כו':
089	beur-hagra	1#ה	וי"א כו'. כפי' תוס' שם ד"ה לסעודתא כו':
089	beur-hagra	1#ו	והמנהג כו' מיהו כו'. בנויה על דברי הזוהר פ' משפטים דכל מאן דאכיל האי מיכלא כחדא או בשעתא חדא או בסעודתא חדא כו':
089	beur-hagra	1#ז	ואם מצא כו'. גמ' כנ"ל:
089	beur-hagra	1#ח	וי"א דאין כו'. כמ"ש תוס' שם אם סילק כו' וזה אין סילוק ועט"ז:
089	beur-hagra	2#א	(ליקוט) וצריך לקנח פיו ולהדיחו. אבל הרשב"א פי' דבא' מהן סגי דאל"כ אמאי שיירו ב"ש וב"ה לאידך וכן אגרא אמאי שייר להדחה (ע"כ):
089	beur-hagra	2#ב	ואח"כ ידיח. ל"ד אח"כ. ב"י וכ"ה בגמ':
089	beur-hagra	2#ג	ויש מחמירי' כו'. וכ"מ מדברי הזוהר הנ"ל. ב"י. ואין זה כחולק על הגמ' שהרי הם היו מחמירין על עצמן ג"כ המותר כמש"ש אנא לחא כו'.
089	beur-hagra	3#א	אכל כו' אבל כו'. תוס' שם ד"ה ל"ש ומפר"ת כו':
089	beur-hagra	3#ב	ויש כו'. לפי' ר' שמואל שם דדוקא בשניהם של בשר או של גבינה הוא דהוי רשות:
089	beur-hagra	3#ג	ושומן כו'. שלא כדברי הרמב"ם משום בשר שבין השינים אלא כפי' הטור. רשב"א שם:
089	beur-hagra	3#ד	ונהגו כו'. כפי' ר' שמואל שם:
089	beur-hagra	3#ה	מיהו כו'. כפי' ר' שמואל כנ"ל:
089	beur-hagra	3#ו	שמש כו'. רש"י ק"ז ב' ד"ה דטריד כו' ועש"ך:
089	beur-hagra	4#א	מי שאכל כו'. ירושלמי (פ"ו דפסחים) הדין דאכיל חוביץ ובעי למיכל קופר מבער פתיתין:
089	beur-hagra	4#ב	ואסור כו'. מהירושלמי הנ"ל וכמ"ש במתני' ס"ז ב' וגמ' שם ובלבד שלא כו' נהי דקליפה כו':
089	beur-hagra	4#ג	וכ"ש כו'. כמש"ש קי"ב א' קישות גריר כו' וכמ"ש בס"ס צ"ו:
089	beur-hagra	4#ד	מיהו כו'. כמ"ש בסוף ע"ז:
089	kaf-hachayim	1#_	א) [סעיף א'] אכל בשר אפי' של חיה ועוף וכו', כלומר שהם מדרבנן וכמ"ש בסי' פ"ז סעי' ג' ש"ך סק"א. לה"פ או' א'.
089	kaf-hachayim	2#_	ב) שם. עד שישהה שש שעות. ובתוך הזמן אפי' אין בשר בין השינים אסור לפי שהבשר מוציא שומן ומושך טעם עד זמן ארוך ולפ"ז הטעם אם לא אכלו אלא שלעסו לתינוק א"צ להמתין דכיון שלא אכלו אינו מוציא טעם. והרמב"ם נתן טעם לשהייה משום בשר שבין השינים ולפי דבריו לאחר ששהה כשיעור מותר אפי' נשאר בשר בין השינים והלועס לתינוק צריך להמתין וטוב לאחוז בחומרי ב' הטעמים. טור. ט"ז סק"א. ש"ך סק"ב. וזהו נמי שפסק הש"ע כחומרי שניהם.
089	kaf-hachayim	3#_	ג) ואם לועס לתינוק תבשיל שיש בו שומן לכאורה לכל הפירושים א"צ להמתין דמושך ליכא כיון דלא אכל ובין שיניים ליכא ומ"מ יש להחמיר להמתין שש שעות משום לא פלוג וישראל קדושים ואין לפרוץ גדר. מש"ז או' א' ברכ"י בשיו"ב או' י"ב. פ"ת או' א' זב"צ או' ד'.
089	kaf-hachayim	4#_	ד) ודוקא לועס אבל טעם בלשונו ופלט מיד א"צ להמתין לכ"ע. גם אם לקח חתיכת בשר לתוך פיו ותכף החזירו שלם א"צ להמתין וכ"ש אם טעם שומן ופלט דא"צ להמתין מהרש"ק הגהות על פר"מ שנד"מ סוף אשלי רברבי. זב"צ או' ה'.
089	kereti	1#א	ואפי' של חיה זהו רק מנהג' כמו שכתב הרא"ש אבל מדינא מותר כמ"ש בפלתי ראי' מתוס'
089	kereti	1#ב	ו' שעות ולרמב"ם הטעם דתוך ו' שעות עדיין הרוב בשר בין שינים וע' פלתי מ"ש דלא תקשה לי' מגמ'
089	kereti	1#ג	ואם מצא אח"כ וכשמסירו א"צ להמתין מאז ו' שעות
089	kereti	1#ד	להדיח פיו וה"ה קנוח פה והרמ"א קיצר כ"כ אחרונים
089	kereti	1#ה	ובירך ברכת המזון ה"ה ברכה אחרונה במקום דלא בעי בה"מ דעכ"פ איכא סילק ממה שאכל ולא הוי כאוכל בכרך א':
089	kereti	1#ו	שעה א' פר"ח כתב דיש להם סמך מדברי זוהר ועיין פלתי שכתבתי דמזהר לא משמע כלל רק שעה וששה שעות תליא במחלוקת בא"ח סימן קפ"ד: ופר"ח דעתו בימי חורף ימים קצרים סגי בד' שעות מחצות היום עד ערב ועיין פלתי דכתבתי דליתא ואם באים לדקדק ירבה יותר מו' שעות לכן העיקר ו' שעות ואין להוסיף ולגרוע.
089	kereti	1#ז	ואין נזהרין הט"ז קרא תגר על מה שאין נזהרין וע' פלתי מ"ש דנכון עמם ואין כאן טעם להזהר:
089	kereti	2#א	אם הוא בלילה ואם יש נר יפה כעין אבוקה לילה דינו כיום מהרש"ל ואחרונים
089	kereti	2#ב	בלילה ואם אכל בשר תחלה ונהגי מבלי להמתין ו' שעות מ"מ צריך רחיצה אפי' ביום דלמא נדבק דבר בידים וע' פלתי דהוכחתי זה מדברי תוס' ע"ש
089	kereti	2#ג	לרחצם והביאו אחרונים משקין אין ראוי לו כ"כ ראב"ד ומהרש"ל מכשיר וע' פלתי דהבאתי ראי' מתוס' לדברי ראב"ד:
089	kereti	2#ד	חיה אע"ג דחיה דרבנן דומה לשל עוף מ"מ באיכתו דומה לשל בהמה וגם נדבק בידים ובפה כמו בהמה
089	kereti	2#ה	לא קנוח הב"י הביא בשם זוהר להחמיר לאוכל גבינה אחר עוף והפ"ח מתיר ואין דברי זהר נוחי' אבל מ"מ דברי ב"י אינו נוחי' רק בזוהר מיירי לאוכלו כאחד:
089	kereti	3#א	ושומן של בשר אף דלא שייך בטעמו של הרמב"ם בשר בין שינים אסור משום לא פלוג וה"ה שומן של עוף:
089	kereti	3#ב	דינו כבשר ומרק בשר אם הוא צלול דינו כתבשיל ואם הוא עב יש לו דין בשר ב"י א"ח:
089	kereti	3#ג	שמש וכו' עיין אחרונים מה שעמדו בזה וע' מ"ש פלתי ליישב:
089	kereti	4#_	אסור לחתוך דנ"ט בר נ"ט לכתחלה אסור וגם על הרוב קרוש ודבק איזה דבר בעין:
089	mateh-yehonatan	1#_	(סימן פ"ט סעיף א' בהגה"ה) וי"א דא"צ להמתין ו' שעות רק כו'. ומותר ע"י קנוח והדחה והא דצריך אפילו אחר בה"מ קינוח והדחה יש להוכיח כן מד"ת פ' כ"ה ד' ק"ז ע"ב ד"ה עוף וגבינה שכ' שם וז"ל תימא האיך פריך מגבינה א"ב לבשר אחר לגבינה וי"ל דהכי פריך דדברי אגרא משמע עוף וגבינה נאכל באפיקורן בלי נ"י ובלי קינוח אבל בשאר בשר בעי נ"י וה"ד אי בשר תחלה אפילו בנ"י וקינוח הפה לא סגי עד סעודה אחריתי אלא לאו אגבינה תחלה עכ"ל וא"כ ע"כ צ"ל דס"ל לתוס' דאף בסעוד' אחרת נמי צריך קינוח דאל"כ הל"ל לא משכחת לי' קינוח והדחה א"ו 
089	mateh-yehonatan	2#_	(שם סעיף ב') צריך לרחצם. עיין ש"ך סק"י שהביא בשם מהרש"ל דמים אמצעים אסור בשאר משקין כו' ומד"ת מוכח כד' ראב"ד שכתב בא"ד שהבאתי לעיל בס"א וז"ל ור"ת מפרש דאכל בשר אסור לאכול גבינ' היינו בלי נ"י וקה"ת כו' ומר עוקבא דלא אכיל עד סעודה אחריתא בלי נט"י וקה"פ ולפום ריהטא איך שייך לומר דלא אכיל עד סעודה אחריתא בלי נט"י וק"פ דהא ע"כ צריך ליטול ידיו לבה"מ תחלה ומים אחרונים חובה וע"כ יש לו נטילה אע"כ צ"ל דס"ל לתוס' דמים אמצעי' פסולין בשאר משקין ומים אחרונים כשרים וא"כ אף שנטל ידיו בשאר משקין לשם מ"א ולגבי אמ
089	mateh-yehonatan	3#_	(שם סעיף ג' בהג"ה) שמש כו' בסעוד' א"צ נטילה. עיין ש"ך ס"ק כ' ובפ"ח שתמהו על הב"י והרמ"א שהעתיקו ד' רש"י כאן שרש"י לא מיירי רק לענין נ"י בסעודה אבל כל היכא דכל הנטילה משום הנדבק בידים א"כ וודאי דגם השמש צריך נטילה ע"ש ולענ"ד נראה ליישב דאין כוונת הב"י להביא ראי' דשמש אף שהוא עוסק במאכל מ"מ א"צ נטילה דזה פשיטא דמהיכא תיתי נימא אם אחד עוסק בבו"ח שלא בשעת אכילה נמי יהיה צריך נטילה א"ו דע"ז לא הי' צריך להב"י ראי' כלל דוודאי א"צ שום נטילה דלא קתני רק על האוכל בשר או חלב רק דבשמש ה"א דשפיר צריך נטילה ש
089	nekudot-hakesef	1#_	(סימן פ"ט סק"ו) זה קאי. זה אינו וכמבואר להדיא בתורת חטאת כלל ע"ו דין ו' דאפילו לחתוך בו לחם לאכול עם גבינה צריך נעיצה וכן מ"ש באות ז' ליתא ומ"ש ולדידן א"צ לזה כו' לאו מילתא היא דהא אנן הכי לא משום בליעה ממש אסרינן לה דהא צונן בצונן הוא אלא משום דסכין שמנוניתו טוח על פניו וכיון שתשמישו תדיר לא סגי ליה בקנוח. ומהרש"ל מחמיר הכא דאפילו נעיצה לא מהני ועיין בש"ך סק"כ:
089	peleti	1#א	אפי' של חיה ועוף כתב הרא"ש דכן נהגו אבל מדינא נרא' דלא ס"ל לתוס' ורא"ש כך דהם הקשו דלמא לא מוקי לי' לגמרא לאגרא דאמר מר עוף וגבינ' נאכל באפקורן דאכל תחיל' בשר עוף ואח"כ גבינ' ותירץ דא"כ משמע הא בשר בהמ' צריך קנוח הא אפילו המתנת ו' שעות צריך ע"ש ולא תירצו בקצור דאיך נאכל באפיקורן הא צריך ו' שעות ואיך שייך באפיקורן אלא ודאי דבעוף ס"ל לתוס' דא"צ ולכך הביאו כל ראיי' מדיוקא דבהמה:
089	peleti	1#ב	אם יש בשר בין שיני' בטור משמע לרמב"ם דנתן טעם להמתנתו' שעות משום בשר בין שינים משמע אח"כ חשיב לי' כמעוכל והקש' הפר"ח הא בגמ' שאל בשר בין שינים מהו והשיב לי' בשר בין שניהם וכו' ע"ש ונראה דמזה ראיי' וסמך לו' שעות דהא שיעור בין סעוד' לסעוד' ו' שעות והטעם והוא דבתוך כך אין תואב לאכול אבל כשיעברו ו' שעות תואב לאכול כמבואר בא"ח שיעור עיכול וזהו שאלת הגמ' בין שיני' מהו עד כמה הזמן להמתין שיהי' כמעוכל והשיב לי' מקרא דכתיב הבשר עודנו בין שניהם וכו' ובתהלים נאמר לא זרו עוד מתאותם עוד אכלם בפיהם ש"מ דעדיין
089	peleti	1#ג	אחר אכילת בשר שעה א' הפר"ח דעתו ליתן טעם למנהג הזה מזוהר דקאמר מבלי לאכול שעתא חדא וזה אינו דלשון שעתא כוונתו עת חדא ואינו נגדר בשעות העולם רק עת ומצהרי' עד ערב קרוי ג"כ שעתא חדא אבל נראה דזהו אם להמתין שעה חדא או שש שעות נחלקו בענין עיכול כי עיין בא"ח סי' קפ"ד במ"א ס"ק ט' דתחלת עיכול הוא לערך שעה וחומש והוף עיכול ששה שעות והמקילים חשבו דהוי כשיעור תחלת עיכול לענין בהמ"ז דתו א"צ לברך בהמ"ז א"כ אף לענין זה כבר נתעכל והלך לו ולכך מותר לאכול וכמעט מסתברין טעמי' והמחמירי' הולכים בתר סוף עיכול והוא ש
089	peleti	1#ד	אבל אין נזהרין בזה והט"ז קרא תגר ואני לא הבנתי טעם האוסרים דכל ענין שאין לאכול בשר וגבינה ביחד משום היכרא דלא יאכלו בשר וחלב כאחד ומה בכך דמתכוין לברך כדי לאכול גבינה אח"כ סוף כל סוף איכא היכרא ואדרבה אם דעתו באמ' רק שמברך כדי לאכול גבינה הרי היכרא ביותר ואיך יאכל כאחד ואף הוא א"י לאכול אם לא בהפסק בהמ"ז לכן לא ידעתי מה חומרא יש בזו:
089	peleti	2#_	וצריך וכו' ע' ש"ך ס"ק יו"ד דהביא דעת ראב"ד דפוסל משקין והרש"ל מכשיר ולשון דברי התוס' בד"ה עוף דכתבו לשיטת ר"ת דא"צ להמתין מסעודה לסעודה היינו בלי קנוח ונטילה וכו' וקש' בשלמא הא לא קשי' דהא בסעודה שני' הוצרך ליטול ידיו בלא"ה לאכילה דזהו באמת דלא נטל ידיו ולכך לא אכל עד סעודה אחרת ובאמת אז נטל ידיו אבל קשה הא בסעודה ראשונה בעת ברכת המזון היה הוצרך ליטול מים אחרונים וא"כ כבר היה לו נטיל' ודוחק לומר דסעוד' דאיירי היינו פת בכסנין וכדומה דא"צ נטיל' דאין זו קרו סעודה ואי קבע עלי' צריך לברך ואף מים אחרו
089	peleti	3#_	ומיהו שמש וכו' הש"ך והאחרונים תמהו דזה לא נאמר רק בנטילת ידים לסעודה ולא לענין מים אמצעים ונראה דהב"י ח"ו לא היה טועה בזה רק ס"ל דלא מצינו בשום דוכתי דתקנו בנוגע בבשר בעלמא שלא יגע בגבינה עד שיטול ידיו ואי ס"ד זה א"כ מה זה שאמרו באכל בשר שצריך נטילה לגבינה הלא אפי' נוגע בעלמא צריך נטילה אלא ודאי דלא תקנו רק באוכל דידיו מלוכלכת ביותר וגם באכילה יותר חששו בהרחקה יתירה וא"כ אין צריך לפנים השמש שהוא רק נוגע בעלמא דמותר רק דלא תימא דגזרו דלמא יאכל וע"ז מביא ראי' דהא חזינן בנטילת ידים דלא גזרו כן ש"מ 
089	pitchei-teshuva	1#_	שש שעות. עיין ש"ך אם לועס לתינוק תבשיל שיש בו שומן לכאורה לכל הפירושים אין צריך להמתין דמושך ליכא כיון דלא אכל ובין שינים ליכא אלא דמ"מ כתב הפמ"ג דיש להחמיר להמתין שש שעות משום לא פלוג ולא לפרוץ גדר:
089	pitchei-teshuva	2#_	אין נזהרים בזה. עבה"ט סוף ס"ק ג' בשם ט"ז ועיין בספר בכור שור בחידושיו לחולין דף ק"ה שחולק עליו והעלה שאין למחות ביד המקילין שהביא רמ"א ז"ל דיש להם על מה שיסמכו ע"ש:
089	pitchei-teshuva	3#_	שש שעות. עבה"ט של מהרי"ט ז"ל אם הם שעות זמניות. ועיין כו"פ ופמ"ג ובחכמת אדם שהסכימו לדעת הכנה"ג דאינם זמניות ע"ש וכן המנהג. [ועיין בתשובת ח"ס סימן ע"ג דחולה השותה מימי חלב לרפואתו אפילו הוא רק חולה קצת א"צ להמתין אחר אכילת בשר יותר משעה ואחר שכבר בירך ברהמ"ז ישתה וירוח לו ע"ש]:
089	pitchei-teshuva	4#_	שיעיין. עבה"ט בשם פר"ח ובפמ"ג כתב דנכון להחמיר בדבר שאין בו טורח ע"ש:
089	rabbi-akiva-eiger-yd	1#_	(סימן פ"ט ש"ך סק"ה) אם לא סילק ובירך אפי' כל היום ולזה הסכים המג"א (סימן קצ"ו ססק"ה):
089	rabbi-akiva-eiger-yd	2#_	(ס"א בהג"ה) אחר אכילת בשר לגבינה. אפשר דדייק בזה דלאחר אכילה הוא דמחמירין אבל אחר לעיסה בלא"ה יש מתירין לגמרי אין ממתינים שש שעות:
089	rabbi-akiva-eiger-yd	3#_	(סעיף ג' בהג"ה) ויש מצריכים נטילה. משמע בלא קנוח והדחה ומה דכתב הרמ"א שלא לאכול גבינה אחר תבשיל בשר היינו גבינה בעין אבל תבשיל של גבינה אחר תבשיל בשר מותר בנטילה לחוד אולם בת"ה כפי"מ דביאר המנ"י אות י' דעתו שם בתבשיל של בשר ואח"כ תבשיל של גבינה בעי' גם קנוח והדחה ובהיפוך תחילה של גבינה ואח"כ של בשר סגי בנטילה ובמנ"י שם אות י"א כתב בשם רש"ל ועתה נהגו איסור אפילו בתבשיל גבינה אחר תבשיל בשר וקשה להקל ולהתי' בפניהם בסילק ובירך עכ"ל:
089	rabbi-akiva-eiger-yd	4#_	(ש"ך סקי"ט) דהוי נ"ט בר נ"ט. לענ"ד י"ל דנ"מ אפי' בשלו חומץ דחריף בקערה של בשר דאין בו משום נ"ט בר נ"ט אפ"ה מותר לאכול גבינה אחריו:
089	siftei-kohen	1#א	["אפילו של חיה ועוף. כלומר שהם מדרבנן וכמ\"ש בסימן פ\"ז:"]
089	siftei-kohen	1#ב	["עד שישהה כו'. ז\"ל הטור ובתוך השש שעות אפי' אין בשר בין השינים אסור לפי שהבשר מוציא שומן ומושך טעם עד זמן ארוך ולפ\"ז הטעם אם לא אכלו אלא שלעסו לתינוק א\"צ להמתין דכיון שלא אכלו אינו מוצא טעם והרמב\"ם נתן טעם לשהייה משום בשר שבין השינים והלועס לתינוק צריך להמתין וטוב לאחוז כחומרי שני הטעמים עכ\"ל ונתבארו דברי המחבר והעט\"ז כתב בתוך הזמן אפילו אין בשר בין השינים אסור לפי שהבשר מוציא שומן ומוציא טעם עד זמן ארוך ולפיכך אם לא אכלו אלא שלעסו לתינוק צריך להמתין אע\"ג שלא אכלו מ\"מ טעם הבשר נשאר לו ב
089	siftei-kohen	1#ג	["ומסירו. כתב הר\"ן) דא\"צ שהייה ו' שעות מאותו זמן שמסירו אלא מאכילה וכתוב בת\"ח כלל ע\"ו דין א' דה\"ה לענין המנהג בהמתנת שעה:"]
089	siftei-kohen	1#ד	["צריך להדיח פיו. והר\"ן כתב שצריך קנוח הפה ולא הזכיר הדחת הפה וכן העתיק בב\"י בא\"ח שם ובת\"ח והיינו דאזיל לטעמיה דס\"ל בעלמא דלא בעינן הדחת הפה אבל לדידן דבעינן הדחת הפה וכמ\"ש הט\"ו בסעיף ב' ה\"ה הכא ולזה כתב הרב צריך להדיח פיו ופשיטא דבעי נמי קנוח אלא שקיצר בלשון. נ\"ל:"]
089	siftei-kohen	1#ה	["וי\"א כו'. טעם פלוגתתן דאיתא בש\"ס פכ\"ה דאחר בשר אסור לאכול גבינה עד סעודה אחרת ודעת סברא הראשונה דהיינו מכדי זמן סעודת הבקר עד סעודת הערב שהוא ו' שעות וסברת הי\"א דמיד כשסילק ובירך מיקרי סעודה אחרת וכ' מהרש\"ל שם דלכ\"ע אם לא סילק ובירך אפי' כל היום כולו אסור דהא בעינן סעודה אחרת והרבה בני אדם מקילין בזה וטעות הוא בידם עכ\"ל ומ\"ש הרב בהג\"ה אבל בלא ברכת המזון לא מהני המתנת שעה הוא לאו דוקא דאה\"נ דכל היום כולו אסור עד שסילק ובירך:"]
089	siftei-kohen	1#ו	["ובירך ברכת המזון. נראה דאם אכל בשר בלא סעודה צריך לברך ברכה אחרונה מקודם ובלאו הכי לא הוה סילוק:"]
089	siftei-kohen	1#ז	["צריך לנקרו ולהסירו. וכבר נתבאר בס\"ק ד' דצריך הדחה וקינוח הפה אבל ודאי אם לא מצא בשר בין שיניו דהמנהג בהמתנת שעה סגי אפי' בלא קינוח והדחה וכ\"כ באו\"ה שם ד\"ד ומביאו בת\"ח לפסק הלכה וכ\"נ ומ\"ש הרב די\"א מיד אם סילק ובירך מותר ע\"י קינוח והדחה משמע דקינוח והדחה מיהא בעי היינו אם בא לאכול מיד אחר שסילק ובירך ודברי הל\"ח (דף רי\"ח ע\"א) אינם מובנים לי בזה:"]
089	siftei-kohen	1#ח	["וכן נכון לעשות. וכ\"כ מהרש\"ל דכן ראוי לעשות לכל מי שיש בו ריח תורה ע\"ש:"]
089	siftei-kohen	2#א	["ובלבד שיעיין ידיו. וכתב רי\"ו דה\"ה בלילה אם יש לו נר יפה א\"צ נטילה ומביאו ב\"י בא\"ח שם ונראה דדוקא נקט נר יפה אבל בסתם נר צריך נטילה כדמשמע בש\"ס ופוסקים ומהרש\"ל שם סי' י' פי' יותר נר יפה כעין אבוקה מיהו הטור כתב בשם הר\"ף שיש לרחצם אף ביום לפי שלפעמים הגבינה שמינה ונדבקת בלחלוחית הידים ולאו אדעתיה וכן דעת האחרונים וכ\"כ העט\"ז דכן נוהגין:"]
089	siftei-kohen	2#ב	["צריך לרחצם. וכתב ב\"י בא\"ח סימן קע\"ג וז\"ל כתוב בספר א\"ח בשם הראב\"ד דכל הדברים הנוהגים באחרונים נוהגים באמצעים שבין גבינה לתבשיל בין להקל בין להחמיר חוץ משפשוף בגופו או בכותל או בהיסח הדעת שפוסלים באמצעים ואינם פוסלים באחרונים מפני שעדיין רוצה לאכול וידיו צריכות שימור וחוץ מניגוב הידים שאף האמצעים צריכין ניגוב כראשונים וחוץ משאר משקים שאינם כשרים לאמצעים מפני שהן שמנים וצחים ואינם מנקין את השומן ואת המאכל עכ\"ל וכ\"כ בת\"ח שם אבל מהרש\"ל שם חלק וכתב מאחר שכל המשקים כשרים למים אחרונים לנקות
089	siftei-kohen	2#ג	["וצריך לקנח פיו ולהדיחו. וכתבו הגה\"מ בשם מהר\"מ שא\"צ לדקדק בקנוח פה והדחה אלא איזה מהם שירצה יקדים ע\"כ ומביאו ב\"י שם:"]
089	siftei-kohen	2#ד	["חוץ מקימחא. כ\"כ הטור ומשמע דבכל קימחא לא הוי קינוח וכן משמע באשיר\"י וכל הפוסקים ותימא על מ\"ש בטא\"ח חוץ מקימחא דשערי ועוד דבש\"ס ר\"פ כ\"ה (דף ק\"ה ע\"א) משמע להדיא דבכל קימחא אסור ע\"ש והדבר פשוט שט\"ס הוא בטור שם ובלבוש שם לא הרגיש בזה וכתב כלשון הטור שם:"]
089	siftei-kohen	2#ה	["ואח\"כ ידיח פיו. לאו דוקא דה\"ה אם מקדים ההדחה וכמ\"ש בס\"ק י\"א וכ\"כ הב\"י עצמו בא\"ח שם על לשון הטור שהוא כלשון המחבר:"]
089	siftei-kohen	2#ו	["בבשר בהמה וחיה. ואף על גב דחיה מדרבנן כיון שבשרה דומה לשל בהמה החמירו בה:"]
089	siftei-kohen	2#ז	["שכל שהגבינה קשה. ומן הסתם אם היא ישנה ו' חדשים חשיבה קשה והכי איתא בת\"ח שם די\"ב:"]
089	siftei-kohen	2#ח	["אין אוכלין כו'. וכתוב בספר מצרף לחכמה דף כ\"ז ע\"א דלפי מה שנתבאר בסעיף ח' דאחר אכילת בשר נוהגין להמתין שעה א' א\"כ אפשר דגם הזוהר מודה שלא אסר רק בסעודה חדא ובשעתא חדא ודוק עכ\"ל ולישנא דהזוהר פרשת משפטי' הכי משמע ע\"ש:"]
089	siftei-kohen	2#ט	["מיהו טוב להחמיר. ומהרש\"ל שם קרא תגר על המחמירים שהוא כמו מינות ואמר דוקא מהר\"מ שבא מכשול לידו פעם א' החמיר אבל מי שלא בא לידו תקלה לא יכול להחמיר ע\"ש שאין דבריו מוכרחים ואדרבה בדברי מהר\"מ שם משמע איפכא ע\"ש ודוק:"]
089	siftei-kohen	3#א	["ושומן של בשר וכו'. ואפילו שומן של עוף דינו כשומן ממש כ\"כ בת\"ח שם ד\"ד בשם המרדכי והגהת ש\"ד וכ\"פ בסימני ת\"ח שם:"]
089	siftei-kohen	3#ב	["מיהו אם אין בשר כו' מותר. לקמן ריש סי' צ\"ה יתבאר דאפי' לאכלו עם גבינה מותר דהוי נ\"ט בר נ\"ט ונראה דהא דאשמועינן הכא דמותר לאכול גבינה אחר כך היינו אפילו נתבשל בקדרה שלא הודחה יפה דהוי קצת ממשות של איסור דבכה\"ג אסור לאכלו עם גבינה כמבואר לשם ושרי הכא:"]
089	siftei-kohen	3#ג	["מיהו יש ליטול ידיו ביניהם. אף ביום לכ\"ע דיותר נדבק בידים מגבינה עצמה כן הסכימו הפוסקים כמ\"ש בת\"ח שם דין ג':"]
089	siftei-kohen	3#ד	["שמש המשמש כו'. כ\"כ גם הב\"י בשם רש\"י פ' כ\"ה (דף ק\"ז ע\"ב) ובאמת לא דקדקו כלל דרש\"י לא איירי התם אלא לענין נ\"י הראשונים לאכילה והוא פשוט בש\"ס שם ומוסכם מכל הפוסקים כמו שנתבאר בא\"ח סימן קס\"ג שאין המאכיל צריך נ\"י אע\"פ שנוגע אבל מים אמצעים בין תבשיל לגבינה או איפכא דטעמא הוא דנדבק בידים פשיטא דאין חילוק בין אוכל לנוגע ולא לישתמיט חד מהפוסקים לפלוגי בהכי:"]
089	siftei-kohen	4#_	מיהו ע"י נעיצה בקרקע קשה שרי. משמע דאם נעצו בקרקע קשה מותר לכתחלה לחתוך בו פת לאכול עם גבינה וכן משמע מדברי הא"ח והכל בו שם וכ"כ בת"ח שם ד"ז להדיא ומהרש"ל פ' כ"ה סימן ח' אוסר לחתוך בו פת לאכול עם גבינה אף אם נעצו דלא התירו נעיצה אלא אם אירע במקרה שחתכו בסכין בשר או איפכא שצריך נעיצה להכשירו מן האיסור משא"כ בכה"ג עכ"ד וקשה דהא קי"ל דאם חתך לפת בסכין של בשר שנתבטל טעמו בלפת שמותר לחתוך בו אפילו צנון לאוכלו בכותח כדלקמן ס"ס צ"ו וכמ"ש מהרש"ל עצמו שם סימן ס"א וכ"ש שאר דברים שאינם חריפים והא ודאי דנעי
089	turei-zahav	1#א	עד שישהה שש שעות. יש בזה ב' טעמים הא' שהבשר מוציא שומן ומושך טעם עד זמן ארוך ולפ"ז מי שלא אוכל אלא לועס לתינוק אינו צריך להמתין וטעם ב' הוא טעם הרמב"ם משום בשר שבין השינים דמקרי בשר עד שש שעות ואח"כ הוי כמעוכל ולפ"ז גם הלועס חייב להמתין רק יש קולא בבשר שבין השינים שאחר ו' שעות וקי"ל להחמיר כשני הטעמים:
089	turei-zahav	1#ב	אחר אכילת הבשר שעה אחת. ז"ל מהרא"י בזה רבים עושים פשרה מדעתן להמתין שעה אחת אחר הסעודת בשר וסילקו ובירכו ואוכלין גבינה אע"ג דלא אשכחן רמז לשיעור זה מ"מ מי ימחה בידם הואיל והתו' וראבי"ה מתירין (פי' זהו דעת הי"א דא"צ להמתין ו' שעות שהביאו רמ"א בסמוך) אבל הצנועים מושכים ידיהם מסעודת שחרית לערבית גם נוהגים העולם דאין חילוק בזה בין עוף לבהמה ורש"ל פ' כ"ה סי' ט' תמה על זה למה נהגו להקל בזה נגד הרי"ף ורמב"ם שהצריכו לכל הפחות ו' שעות וכ' ש"ד שנוהגים כרמב"ם ולא כתו' דמתירים ומ"מ גם סילוק ובירך בעינן דאל"
089	turei-zahav	1#ג	אבל אין נזהרין בזה. לא ידעתי במה סמכו בזה דהא עיקר הקולא הוא דס"ל כהי"א שזכר רמ"א שהוא דעת התו' וראבי"ה כמ"ש לעיל בשם מהרא"י ושם הוזכר בפי' בתו' בלשון זה אלא אפי' לאלתר אם סילק ובירך שפיר דמי עכ"ל משמע דלא מהני ברכת המזון אלא כשכבר סילק עצמו מן הסעודה של בשר ואלו כאן לא סילקו עצמם מן האכילה אדרבה מכינים עצמם לאכילה אחרת וא"כ ברכת המזון לא מהני כלום נמצא שאין להם על מה שיסמוכו ועושים נגד דברי התלמוד לפי כל הדעות והירא דבר ה' יחדיל עצמו מלישב עם שאינן נזהרין בזה במסיבה אחת:
089	turei-zahav	2#_	ויש מחמירין אפי' בבשר אחר גבינה. פי' להמתין שש שעות ושיעור גבינה קשה שזכר רמ"א היינו שעברו עליה ו' חדשים או שהיא מתולעת כ"כ או"ה וכתב שם דאין איסור בבשר אחר גבינה דדוקא טעם בשר שבפה מאחר שעיקרו נקרא בשר שייך למגזר בו אטו בשר בחלב מ"מ מצד חסידות יש ליזהר ע"כ ונלע"ד (דאפי') לטעם הרמב"ם שזכרתי בריש הסימן שבאכילת גבינה אחר בשר הוא משום בשר שבין השינים אבל בטעם שמושך מן הבשר שבפה לא איכפת לן אפשר לומר כאן בכל גבינה לית איסור לאכול בשר אחריה דגם בבשר שבין השינים לא הוי קרינן ביה בשר אי לאו דגלי לן קרא
089	turei-zahav	3#_	ושומן של בשר כו'. וכתוב בת"ח כלל ע"ז בשם הגהת ש"ד דאפי' בשומן אווז יש להחמיר כן ובב"י בא"ח סי' קע"ג כתב בשם הגה' מיימון דמרק של בשר יש לו דין בשר ורבי' יונה פ' אלו הדברים כתב דיש לו דין תבשיל של בשר הואיל והוא צלול אבל אם הוא עב כמו ירקות יש לו דין בשר:
089	turei-zahav	4#א	מיהו ע"י נעיצה כו'. זה קאי אמ"ש שרוצה לחתוך גבינה בסכין של בשר אבל במ"ש שאסור לחתוך לחם כו' לא צריך רק קינוח הסכין כדמשמע בב"י במ"ש בשם א"ח בשם רבי' שמשון ושם כתוב הטעם דהוה נ"ט בר נ"ט ולדידן א"צ לזה שהרי מבואר בסי' צ"ו דדוקא בדבר חריף אמרינן דבולע משום דוחקא דסכין:
089	turei-zahav	4#ב	אבל כבר נהגו כו'. נראה כוונתו דלפי המנהג אסור לחתוך גבינה בסכין של בשר אפי' ע"י נעיצה בקרקע כי כך החמירו על עצמם ליקח לגבינה סכין אחר דוקא אבל מ"מ לחתוך בו לחם לאכול גבינה בזה שפיר יש לנו לסמוך אמה שמקנחו תחלה כנלע"ד פשוט:
089	yad-avraham	1#_	(סימן פ"ט סעיף ב') צריך לקנח פיו ולהדיחו. וז"ל הטור יש נוהגין לשרות פת ביין או במים ולאכלו והוא עולה בשביל קינוח והדחה. ויותר טוב להיות כל א' בפ"ע עכ"ל. ועיין סי' קט"ז ס"ג בהג"ה לענין רחיצת ידי' והפה בין דג לבשר וה"ה הכא:
089	yad-avraham	2#_	(שם ס"ג בהג"ה) שלא לאכול גבינה אחר תבשיל של בשר כמו אחר בשר עצמו. בד"מ מוכח דלאו דוקא גבינה עצמה אלא אפי' תבשיל של גבינה אחר תבשיל של בשר נהגו להחמיר וכ"כ מהרש"ל. אבל מדברי הג"ה בסמוך לא נראה להחמיר בזה. וכ"כ המ"י כלל ע"ז ובס' א"ז בא"ח סי' קע"ג שזהו דעת הג"ה דמהני קינוח והדחה:
089	yad-avraham	3#_	(שם) מיהו אם אין בשר בתבשיל רק שנתבשל בקדירה של בשר מותר לאכול אחריו גבינה. כתב הש"ך לקמן ר"ס צ"ה יתבאר דאפי' לאכלו עם גבינה שרי דה"ל נ"ט בר נ"ט דהיתרא ונראה דאתי לאשמועינן אפי' אם אין הקדירה רחוצה יפה ע"ש. וכתב א' מהאחרונים ס"ק י"ד. ולא אבין הלא לרמ"א שם אסור. וכבר הקדימוהו המ"י וס' א"ז שם וי"ל דהש"ך מדייק מהב"י שהוא מקור דין זה שכתב הג"ה דלדידי' שרי לכתחילה נ"ט בר נ"ט ומאי אתא לאשמועינן בזה. ותירץ דאתי לאשמועינן אפי' אם הקדירה אינה רחוצה וא"כ ה"ה לדידן וכ"מ בפמ"ג. וצ"ל דאיירי אפי' בדידעינן שלא
089	yad-avraham	4#_	(שם סעיף ד') אסור לאכול גבינה על מפה שאכלו בה בשר. נראה דעל מפה ארוכה מותר לאכול מצד א' בשר ומצד הב' גבינה. וראי' ממ"ש המחבר לעיל סי' פ"ח גבי ב' אנשים שאוכלין זה בשר וזה גבינה על מפה א' דאם יש היכר ביניהם שרי. ועוד ראי' מהש"ס דפ" כה"ב (דף ק"ז) וכן כתב הט"ו ר"ס צ"א צורר אדם בשר וגבינה במטפחת א' ובלבד שלא יהיו נוגעים זה בזה. וק"ל:
089	yad-ephraim	1#_	אחר אכילת הבשר שעה. עבה"ט ועיין תו"מ בשם פר"ח ועיין בגן המלך אות קנ"ד דעתו שלעולם משערין לפי הזמן ולעולם צריך להמתין רביע היום ובקיץ שהיום ארוך ימתין הרבה ובחורף ימתין מעט ע"ש ובאמת לא נהגו כן רק ממתינין ששה שעו' דהיינו חלק רבע מעל"ע בין בקיץ בין בחורף ובמקום שיש מיחו' חולי יש לסמוך על הפר"ח: