"Siman","Slug","Count","Blocks"
,"siftei-kohen","18","seif:2 marker:א -> [<b>And he raised his hand, etc.</b> The same applies if he  | seif:2 marker:ב -> [<b>And slaughter until the majority, etc.</b> It appears to | seif:2 marker:ג -> [<b>Until the blood comes out, etc.</b> Thus wrote Beit Yose | seif:2 marker:ד -> [<b>And even if he said ""It is clear to me,"" etc.</b> See se | seif:2 marker:ה -> [<b>And afterward invert the esophagus and check, etc.</b> A | seif:2 marker:ו -> [<b>And the settled custom, etc.</b> It is simple that this  | seif:2 marker:ז -> [<b>And if after shechitah gomi is found, etc.</b> In Teruma | seif:5 marker:א -> [<b>According to this there is no shehiyah in the trachea in | seif:5 marker:ב -> [<b>Strike it on its head, etc.</b> And in Sefer HaTerumot h | seif:5 marker:ג -> [<b>And he should not return and slaughter.</b> R' Tzvi wrot | seif:6 marker:א -> [<b>He slaughtered fowl, etc.</b> It implies specifically in | seif:6 marker:ב -> [<b>And he does not know, etc.</b> It implies: if he knows c | seif:6 marker:ג -> [<b>In another place, etc.</b> The reason: because there is  | seif:6 marker:ד -> [<b>Even if he did not pause, etc.</b> And Rokeach, siman 38 | seif:6 marker:ה -> [<b>And it is forbidden to sell it to a gentile, etc.</b> On | seif:6 marker:ו -> [<b>Rather kill it and afterward sell it, etc.</b> And Morde | seif:6 marker:ז -> [<b>If he plucked the feathers, etc.</b> In Darkei Moshe he  | seif:6 marker:ח -> [<b>But if no blood came out, etc.</b> Behold: if blood came"
,"siftei-kohen","25","seif:3 marker:א -> [<b>If he slaughtered two heads, etc.</b> It appears that b' | seif:3 marker:ב -> [<b>If there is in the knife the measure of three necks, kos | seif:3 marker:ג -> [<b>And if not, there is concern.</b> This is the view of Ra | seif:8 marker:א -> [<b>His slaughter is invalid.</b> All this is doubt of inval | seif:8 marker:ב -> [<b>And likewise one should be careful, etc.</b> And in Mord | seif:11 marker:א -> [<b>If he inserted the knife, etc.</b> All the laws in this  | seif:11 marker:ב -> [<b>And slaughtered it from below upward, etc.</b> Bach wrot | seif:11 marker:ג -> [<b>And likewise if he slaughtered the majority of one siman | seif:11 marker:ד -> [<b>And likewise if he slaughtered the first minority in hal | seif:12 marker:א -> [<b>Majority of the cavity of the trachea.</b> But in the ma | seif:12 marker:ב -> [<b>And there is one who invalidates in darsah.</b> But in h | seif:13 marker:א -> [<b>And slaughtered two thirds, kosher.</b> The reason: ther | seif:13 marker:ב -> [<b>Behold, this is invalid.</b> For there is majority in ha | seif:13 marker:ג -> [<b>And if he darsahed or inserted, etc.</b> Know that the e | seif:14 marker:א -> [<b>And likewise on the trachea downward.</b> For its perfor | seif:14 marker:ב -> [<b>Behold, this is invalid.</b> It implies certainly invali | seif:15 marker:א -> [<b>From the jaw and from the flesh, etc.</b> But if the fle | seif:15 marker:ב -> [<b>One of them slipped out, etc.</b> For although a bird is | seif:15 marker:ג -> [<b>And we practice to declare treifah any ikkur, etc.</b> E | seif:15 marker:ד -> [<b>Only shechitah does not permit it.</b> Because due to ik | seif:17 marker:א -> [<b>If he slaughtered one of the simanim, etc.</b> It deals  | seif:17 marker:ב -> [<b>Behold, this is invalid.</b> Explanation: doubt of nevei | seif:17 marker:ג -> [<b>And we do not say that because of the throw, etc.</b> Se | seif:18 marker:א -> [<b>Behold, this is invalid.</b> For since he grasped the si | seif:18 marker:ב -> [<b>He brings another animal and slaughters, etc.</b> And th"
,"siftei-kohen","4","seif:1 marker:א -> [<b>Forbidden.</b> And it is neveilah — an animal in its lif | seif:1 marker:ב -> [<b>However, one need not check after shemuta, etc.</b> And  | seif:1 marker:ג -> [<b>And one should check after this, etc.</b> This gloss sho | seif:1 marker:ד -> [<b>And we are not concerned, etc.</b> So too Maharik, and h"
,"siftei-kohen","2","seif:1 marker:א -> [<b>Forbidden to eat, etc.</b> Because it is written: you sh | seif:1 marker:ב -> [<b>Until the animal dies.</b> But after it died, it is perm"
,"siftei-kohen","27","seif:1 marker:א -> [<b>Whether they were prepared in his hand.</b> Such as gees | seif:1 marker:ב -> [<b>And covering is a mitzvah in itself, etc.</b> See above  | seif:1 marker:ג -> [<b>Kosher, etc.</b> It implies even for himself; and so Dar | seif:2 marker:א -> [<b>On covering blood with earth, etc.</b> See above s.k. 29 | seif:2 marker:ב -> [<b>Recites shehecheyanu, etc.</b> Hagahot Minhagim that Dar | seif:2 marker:ג -> [<b>Because it harms a creature.</b> This reason is forced;  | seif:3 marker:א -> [<b>And kilayim from behemah and chayah, etc.</b> It deals w | seif:3 marker:ב -> [<b>And one does not slaughter them on Yom Tov.</b> Since he | seif:3 marker:ג -> [<b>He does not cover its blood.</b> Even if he has earth pr | seif:3 marker:ד -> [<b>And at night if its mark is recognizable he may cover it | seif:13 marker:א -> [<b>Or in blood of behemah or blood of chayah, etc.</b> So i | seif:13 marker:ב -> [<b>We view, etc.</b> It appears to me the same applies if h | seif:14 marker:א -> [<b>Exempt from covering.</b> For behold behemah blood is ab | seif:14 marker:ב -> [<b>Or bird, etc.</b> And Bach wrote: with bird upon behemah | seif:14 marker:ג -> [<b>Obligated to cover.</b> And even though there is no eart | seif:17 marker:א -> [<b>And others do not see them, etc.</b> But when others see | seif:17 marker:ב -> [<b>And exempt from covering.</b> In the Talmud it implies h | seif:20 marker:א -> [<b>Until he checks, etc.</b> And even though above siman 19 | seif:20 marker:ב -> [<b>Such as when we are concerned perhaps damaged in the hid | seif:20 marker:ג -> [<b>But something that, etc.</b> It implies that for cutting | seif:23 marker:א -> [<b>That are sown in them and grow, etc.</b> And it does not | seif:23 marker:ב -> [<b>And with clay.</b> Meaning: in Arukh it is a type of lim | seif:23 marker:ג -> [<b>And from earthenware body that was crushed.</b> This cru | seif:23 marker:ד -> [<b>And with fine flax tow.</b> Rashi: this is areshta shake | seif:23 marker:ה -> [<b>And not with powdered metal if they are not burned, etc. | seif:24 marker:א -> [<b>Therefore one does not cover, etc.</b> So in all books;  | seif:24 marker:ב -> [<b>With moist earth, etc.</b> And all the more with mud, as"
,"siftei-kohen","9","seif:1 marker:א -> [<b>Eight types of treifot they are, etc.</b> Meaning: all t | seif:1 marker:ב -> [<b>Derusah.</b> That is, an animal mauled by a lion and the | seif:1 marker:ג -> [<b>Nekuvah.</b> Perforation of the membrane of the brain, i | seif:1 marker:ד -> [<b>Chaserah.</b> At the beginning of its formation; and lac | seif:1 marker:ה -> [<b>Netulah.</b> Removal of the lower or upper jaw, in siman | seif:1 marker:ו -> [<b>Keru'ah.</b> The majority of flesh covering the kereis w | seif:1 marker:ז -> [<b>Nefulah.</b> Actual falling, below siman 58.] | seif:1 marker:ח -> [<b>Pesukah.</b> Severing of the spinal cord, in siman 32; a | seif:1 marker:ט -> [<b>Shevurah.</b> Majority of its ribs were broken, in siman"
,"siftei-kohen","1","seif:1 marker:א -> [&amp;quot;That we ran around. That is, that we were beaten,"
,"siftei-kohen","10","seif:2 marker:א -> [<b>The brain itself that decayed a little of it, etc.</b> T | seif:2 marker:ב -> [<b>And if it spilled like water or like wax — treifah.</b>  | seif:2 marker:ג -> [<b>And likewise if the pouch, etc.</b> And all the more if  | seif:2 marker:ד -> [<b>Therefore one must be careful, etc.</b> Meaning: if they | seif:2 marker:ה -> [<b>And nevertheless one need not check afterward, etc.</b>  | seif:3 marker:א -> [<b>And treifah.</b> For we are concerned that perhaps befor | seif:3 marker:ב -> [<b>And such is the custom, etc.</b> It implies we declare t | seif:4 marker:א -> [<b>And the bulbs are included.</b> Rashi explained: brain o | seif:4 marker:ב -> [<b>And its perforation in any amount.</b> Meaning: perforat | seif:4 marker:ג -> [<b>It is judged as spinal cord.</b> And perforation of its "
,"siftei-kohen","6","seif:9 marker:ד -> [&amp;quot;Everything is forbidden. Since the dish is found  | seif:9 marker:ה -> [&amp;quot;But if it is possible to filter. Even if it is kn | seif:11 marker:א -> [&amp;quot;A woman who is found in the same way. A view from | seif:11 marker:ב -> [&amp;quot;It is forbidden to eat from its examination. The  | seif:16 marker:ב -> [And the fish in which they are not allowed. “Damn is with h | seif:16 marker:ג -> [And he was slightly burned and returned. We were not comple"
,"pitchei-teshuva","1","seif:2 marker:_ -> [And even a minor Jew, etc., is afraid before them.] See in "
,"pitchei-teshuva","2","seif:13 marker:_ -> [And since he intended to draw it off. See the responsum of  | seif:16 marker:_ -> [And grape-pulp in the winepress. Be'er Heitev in the name o"
,"siftei-kohen","13","seif:1 marker:ג -> [J.A.D., the contact. Dao as a baby (who does not mention th | seif:3 marker:א -> [It is permissible. And he is allowed to drink with the star | seif:5 marker:ב -> [J.S.] And in the Bible, M.P. is not allowed if there is no  | seif:8 marker:א -> [We're going to be here. According to A.A., I know when it i | seif:8 marker:ב -> [And there is a permit. And the most important thing is as f | seif:9 marker:ב -> [and found four. To Al-Aqsa, he wanted to say more than a wo | seif:11 marker:ה -> [and your experience. And not in the midst of the blanket an | seif:17 marker:א -> [We were on the line. “And if you go to the bottom of the ro | seif:17 marker:ג -> [Until the Goths. If you don't just get up here, there's no  | seif:19 marker:א -> [It's full of fun. “And he is not full and is not full.” | seif:19 marker:ג -> [Mama continued from her. And even in the eye that the Israe | seif:21 marker:ד -> [Norther. In her drinking, the working force does not prohib | seif:21 marker:ה -> [But in the wake of the fire.  סי . . . . . . . . . . . . . "
,"pitchei-teshuva","1","seif:2 marker:_ -> [ For example if he drank. Beit HaTov wrote: but touch alone"
,"siftei-kohen","22","seif:2 marker:ד -> [Of course not allowed. In her second daughter B.J. and also | seif:3 marker:ב -> [Trump. But they did not take a walk away from which they we | seif:9 marker:א -> [The Simpsons are.  סי . . . . . . | seif:9 marker:ב -> [But they are loyal. C. C. C. K.C. and C. C. C. C. C.C. (S.A | seif:11 marker:א -> [“Bollow.  סי  סי  סי . . . . . . . . . . . . . . . . | seif:11 marker:ב -> [In another thing in his hand. It is precisely intentional,  | seif:11 marker:ז -> [It can be called. In the name of the Hossse d’am, beware of | seif:12 marker:א -> [We will be happy. And a friend is allowed in pleasure inste | seif:12 marker:ב -> [And the rest is permitted. It will sell to a star worker ex | seif:12 marker:ג -> [And you are here. In the words of the Lord’s Word, “I will  | seif:13 marker:א -> [to take away. ""And I'm going to see you."" | seif:16 marker:א -> [Norther. ""And thou,"" | seif:17 marker:א -> [Norther. Enjoying the judgment."" | seif:18 marker:א -> [Norther. [Ps 119:105; 119:13] | seif:19 marker:ב -> [His death. ""And thou shalt."" | seif:19 marker:ה -> [And] And then he was given to him, and he was given to him, | seif:19 marker:ט -> [Only in drinking. We were just as long as it persisted, but | seif:20 marker:ב -> [And] And if after the rape is still in touch with it, it is | seif:23 marker:ב -> [Until the sword is forbidden. A demon who is forced to go o | seif:23 marker:ט -> [It is not in pleasure. And as a friend in his finger, Shari | seif:23 marker:כ -> [And we shall see the mountain. In the case of the sages of  | seif:24 marker:ג -> [The Lord is not in his direction. Oh, O Lord, because I am "
,"siftei-kohen","10","seif:1 marker:ב -> [Nonman. He didn’t even say to me the first time he found: | seif:1 marker:ח -> [We don't know. [Ps 119:105;] | seif:1 marker:כ -> [and teach him as well. P. teaches him first that when the w | seif:1 marker:פ -> [And brother] denied. I do not know what I have done before, | seif:2 marker:ב -> [Indeed as . And he was taught from the Lord’s office in his | seif:3 marker:א -> [A.A. is faithful in the prohibitions. That is to say, you w | seif:3 marker:ה -> [This is a permit and it is a prohibition. I am not in this  | seif:3 marker:ו -> [And even if it is rejected. ""Heaven and his hand shall be g | seif:3 marker:ז -> [And the wife of the woman is against the prohibition. Even  | seif:3 marker:י -> [The small, small. [Ps 119:105;]"
,"siftei-kohen","7","seif:1 marker:ב -> [But there is no deposit. Even in a city that is mostly Isra | seif:2 marker:א -> [such as Afake. It is clear or clear to him, and he has just | seif:2 marker:ד -> [Certainly always on the usual thing. It is said that the wo | seif:3 marker:א -> [The riots are like. [C.A.] | seif:3 marker:ב -> [Anddafi was Israel Dr. the same house. Because starwork bel | seif:4 marker:א -> [It is permissible in drinking. A.A. who is not seen as a th | seif:4 marker:ב -> [He was caught as a thief. For example, it means that if you"
,"siftei-kohen","15","seif:1 marker:ג -> [Even though they were called. It was not said that he would | seif:1 marker:ה -> [The term is closed. But Hashem’s promise is that Hashem’s p | seif:1 marker:ו -> [The store or that he distanced. Bach wrote: even if he clos | seif:1 marker:ח -> [There is a curve. And the Lord said to him, “This is the wa | seif:1 marker:כ -> [A lot of loss. We were due to a disobeying of her body not  | seif:5 marker:ג -> [Indeed as . That is to say, Hashem in the past and not to b | seif:9 marker:ב -> [and shut down. And at night, he said, “There is a closed ma | seif:11 marker:א -> [Ishmael. Delo Star Workworkers are as a C.C. and the U.S. f | seif:11 marker:ג -> [The majority of the neighborhood is like. A.J. Dwell and ne | seif:11 marker:ה -> [You were called. The thieves as an army during the war will | seif:12 marker:ב -> [They are allowed. It is evidence that they did not open up  | seif:13 marker:א -> [It's called to be missed.  סימן . . . . . . . . . . . . . | seif:13 marker:ג -> [Teach and cause. ""A light sign."" | seif:17 marker:ב -> [And the nest is of its origin. Check out the succinct | seif:20 marker:ב -> [The work of stars is not believed. But if it is known that "
,"siftei-kohen","8","seif:1 marker:א -> [And there is a permit. The Bible is now not allowed to send | seif:1 marker:ב -> [And there will be no escape there. It is written in the nam | seif:2 marker:א -> [even in one place. But they did not return to their body, b | seif:2 marker:ב -> [It's a 'voice'. And when it seems to have been deliberately | seif:3 marker:א -> [Syenne. All of this is written above R&amp;D | seif:3 marker:ב -> [in one of them. Dae because I’m not trying to make a spell  | seif:9 marker:ב -> [The key and their farm. And their friends alone are permitt | seif:10 marker:ד -> [But by hole. It is permissible for all that can be seen by "
,"pitchei-teshuva","2","seif:1 marker:_ -> [And he did not pay him. See Bach in the name of Shach; and  | seif:2 marker:_ -> [Forbidden even with a Torah scholar's seal. See responsum C"
,"siftei-kohen","14","seif:1 marker:ג -> [If Dr. Israel. Even Israel is still in the city, but the op | seif:1 marker:ד -> [Permitted, etc., with key and seal. And the view of Rashba  | seif:1 marker:ה -> [And if there is, etc. And the view of Rashi: even so it is  | seif:1 marker:ו -> [And he was a slave. In other words, Dinden is permitted in  | seif:1 marker:ז -> [Even in front of you. And the key and the pleasure of liste | seif:1 marker:ח -> [Although Israel is in the city. And even a lot of Israelis. | seif:1 marker:ט -> [And he went out and entered. A.A. has long been spent if he | seif:1 marker:י -> [The key and their experience. And a friend is allowed in on | seif:1 marker:כ -> [Peddlers, etc. And even at night he fears lest they conside | seif:1 marker:ל -> [And it was already explained, etc. This is the reasoning of | seif:1 marker:מ -> [And if he wrote, etc., I received it, etc. — specifically i | seif:1 marker:ס -> [To permit it in benefit with it. And Bach challenged the Ra | seif:2 marker:ב -> [The existence of a star worker. And those who say that the  | seif:2 marker:ג -> [And we are not concerned for the gentile's partnership. For"
,"siftei-kohen","29","seif:1 marker:ב -> [The Prisoner. It means that even if you have been banished  | seif:1 marker:ג -> [There are those who say, etc. He wrote this in the name of  | seif:1 marker:ו -> [As was described above, R&amp;D. Your touch can be enjoyed  | seif:2 marker:א -> [It was his opinion. ""And I will be afraid that he will touc | seif:2 marker:ב -> [His imagination is forbidden. It means that the Israel Inde | seif:2 marker:ד -> [And the wine was named. And the bleeding is forbidden, but  | seif:2 marker:ה -> [And it's like a farmer. Joseph Dea's house was hardened to  | seif:2 marker:ז -> [A wine delay. ""And thou shalt be thrust down to hell."" | seif:2 marker:ח -> [The tool swings. At the time, the work of the stars is not  | seif:2 marker:י -> [For then perforce he is swinging. It is difficult for me on | seif:2 marker:ל -> [And afterward he will measure. And Rambam concluded: and if | seif:2 marker:ס -> [And even le-chatchilah it is not forbidden, etc. Perishah s | seif:2 marker:ע -> [And to the seller: acquire for you your vessels. Beit Yosef | seif:2 marker:פ -> [It is permissible. And it is not because of the wine that H | seif:2 marker:צ -> [For immediately when it reached the air, etc. Beit Yosef ch | seif:2 marker:ק -> [And the Lord will begin. But at the back of the hour that i | seif:3 marker:א -> [They are paid. But they did not receive a fee to which they | seif:3 marker:ב -> [J.C.] It is said that we will be blessed at this time, in p | seif:4 marker:א -> [If he did not precede, etc. See Orach Chaim siman 454 seif  | seif:4 marker:ב -> [He preceded a dinar to him — forbidden. For now they eat fr | seif:4 marker:ג -> [But if they gave him, etc. Tur challenged on this, thus: an | seif:4 marker:ד -> [Permitted to give money, etc. Bach wrote: meaning he gives  | seif:4 marker:ה -> [To his slave, etc. And Beit Yosef in Beit Hadash wrote on t | seif:5 marker:ב -> [It was in my place. This means that even if they were able  | seif:6 marker:א -> [And come under me. It is not even written about it, but tha | seif:6 marker:ב -> [But yes. And the column ends, and that if you write about I | seif:7 marker:א -> [This is allowed. The words of the Bible seem to be depresse | seif:7 marker:ב -> [And] And the Lord, when he comes to death, and he does not  | seif:7 marker:ג -> [J.C.] And he is also in the pen and the N.S., he and C. Cam"
,"siftei-kohen","1","seif:3 marker:ג -> [The worm should not be done. They don't even have a P. “In "
,"siftei-kohen","16","seif:1 marker:ב -> [The siege. “And the mountain is small.” | seif:1 marker:ד -> [The unemployed. It means even to the right of S. as defined | seif:1 marker:ה -> [The house is like. And I didn't know what a little mess bet | seif:2 marker:א -> [And he shall be sold and sold. That is to say, but in the p | seif:2 marker:ב -> [And the whole sold is. And so that it does not have the pre | seif:2 marker:ג -> [And he took his money. “When you sell to a star worker exce | seif:2 marker:ד -> [The Dead Sea. Or we turned around and buried as a C. C. C.  | seif:2 marker:ה -> [The house of wine is cut. Of course, but if we interfere wi | seif:2 marker:ז -> [in large barrels.  סי . . . . . | seif:2 marker:ח -> [If he fell. . . . . . | seif:3 marker:ב -> [He said in here. And the others wrote to settle the words o | seif:4 marker:א -> [It was in him a knuckle. ""In what case is it possible to gi | seif:5 marker:א -> [Six parts. The U.S. Journal of the End of Judgment is shed  | seif:5 marker:ד -> [He's in something. That is to say that a minority of the pr | seif:12 marker:א -> [in missiles. ""And thou shalt be thrust down to hell."" | seif:12 marker:ב -> [In the dish. But the island of praise in the dish even thou"
,"siftei-kohen","12","seif:1 marker:ב -> [He knew he was a son. In addition to the gems that must be  | seif:1 marker:ג -> [Between the hand of Israel. The tongue of the column betwee | seif:1 marker:ה -> [Our tools are like. A.P. we saw that he had wine before us, | seif:1 marker:ו -> [Ps 119:105; 119:105; 119:130] | seif:4 marker:א -> [The pottery vessels are called. Epi does not put into exist | seif:4 marker:ג -> [If we use them as a. It was in him that he had no sages, bu | seif:4 marker:ו -> [Even because of us, the worker touched them with stars. We  | seif:5 marker:א -> [The vessel is quaint. They wrote the additions [in the work | seif:6 marker:א -> [As metals. In paragraph 1 and in paragraph 1: | seif:6 marker:ב -> [As a pottery vessel. In paragraph 4: | seif:7 marker:א -> [The tools that come in. This is the way to bring wine into  | seif:16 marker:ב -> [the water. ""And he is a wine,"" he said, ""and he's brought h"
,"siftei-kohen","2","seif:1 marker:ב -> [Ch]. And to the D.L.L.D. Delaper, the sign of a kimonial, o | seif:1 marker:ד -> [As far as he is concerned. ""And the way that I will say is "
,"siftei-kohen","5","seif:1 marker:ה -> [Certain hours. Because of this, a cold and swallowing a fla | seif:1 marker:י -> [Lands of a diary. Despite not even in the U.S., D.D. prohib | seif:3 marker:ב -> [The second wine is water. And he didn't say a piece was mad | seif:3 marker:ג -> [It's all right. And if not to cancel the tools, it is forbi | seif:4 marker:ב -> [Between the other farms. And it is not that the Lord has no"
,"siftei-kohen","6","seif:1 marker:א -> [At the time of time. That is to say, after a flood, but in  | seif:1 marker:ב -> [of course. by snoring. ""Arise,"" | seif:1 marker:ד -> [Without peeling, etc. Thus agreed the majority of poskim, a | seif:1 marker:ה -> [until the leak. [C.C.] | seif:8 marker:א -> [He is sleeping. We need to allow the links as I write next  | seif:8 marker:ב -> [Rinsing suffices for them. It implies rinsing in cold water"
,"siftei-kohen","2","seif:3 marker:א -> [The nearer. And then, if it is in the place of its work, it | seif:3 marker:ג -> [But they were shot. It is precisely when her work is not in"
,"siftei-kohen","2","seif:1 marker:א -> [and the sun. “And we shall die.” | seif:1 marker:ב -> [We will be involved in other years. It is possible as such "
,"siftei-kohen","11","seif:1 marker:ב -> [The state. It means a city and a lot of times it is observe | seif:1 marker:ג -> [And it was in the hands of the shape. The ancient author of | seif:1 marker:ד -> [The shape of a stick or a frost. See R. All the photographe | seif:1 marker:ה -> [We discussed a photographer. P. To them, a photographer who | seif:3 marker:ד -> [The song has no name. The language of the column is silk cl | seif:3 marker:ה -> [Communes. Small Euros of metal. He said, “He’s not.” P. A t | seif:3 marker:ט -> [And at this time, there are no Starworkers going through th | seif:4 marker:א -> [such as D.A. in mutual respect. ""And thou shalt not give me | seif:5 marker:א -> [It is forbidden to assume. Derry is a prominent form that i | seif:8 marker:א -> [As far as the rate of his back and wide. But if we have a l | seif:8 marker:ב -> [The series is a pattern. Despite the back of Droom, D.C. ha"
,"siftei-kohen","7","seif:2 marker:ה -> [The way of loss and destruction. It is as if the pieces sta | seif:9 marker:א -> [He was a slave. Hashem’s promise is that He will be the bes | seif:10 marker:א -> [In D.A., it is forbidden. ""We were in the midst of trying t | seif:10 marker:ד -> [And there is a ban on all sins. Aikisha Kai Pi was even ban | seif:11 marker:ב -> [That's why a field that has taken place. It is not a rash a | seif:13 marker:ב -> [and forbidden. P.S. is sitting in the shadow and all the pl | seif:15 marker:ב -> [Our son is idols. P. In the idols themselves, they must not"
,"siftei-kohen","4","seif:1 marker:ב -> [Soons into his. D. Yes, he's in and outright | seif:3 marker:א -> [And the good is. This means that as a reward for others, it | seif:3 marker:ב -> [to the employees. And the Lord of the Starworkers who work  | seif:3 marker:ג -> [And you must be trusted. And the Bible ceased to make it wo"
,"siftei-kohen","3","seif:1 marker:א -> [The Forbidden. Difinan is a boycott like him all that you a | seif:2 marker:א -> [And the man who works the stars. It means that all who do n | seif:2 marker:ב -> [They are allowed in retrospect. “In our hearts, we will wor"
,"siftei-kohen","12","seif:1 marker:ג -> [And we are astonished. It means even that it is written, an | seif:1 marker:ד -> [It is not claimed. But it was argued there for forbidden id | seif:1 marker:ה -> [The Body of Ilan. That is to say, all that is there while w | seif:2 marker:א -> [The coating is prohibited. R. Jericho is not allowed becaus | seif:3 marker:ב -> [The house itself is like. If not, then, the Dao Starwork wi | seif:3 marker:ג -> [It was built for a man's apartment, and he was a star worke | seif:3 marker:ד -> [Israel is like]. But a star worker in every deo who took Se | seif:3 marker:ו -> [in the house. “The house itself is not enough to work.” | seif:3 marker:ח -> [And] from there. A simple word in the eyes of Dea Daminini  | seif:3 marker:ט -> [And Israel is here. That is to say, if the house is used by | seif:8 marker:א -> [even a sign. That is to say, even the act of all deo and th | seif:9 marker:ב -> [i.e.g., it has been replaced by the ISA. Because Rishi was "
,"siftei-kohen","3","seif:3 marker:ב -> [And he did not give a fire. A. A.D. that the bloody verdict | seif:3 marker:ג -> [And they are called. And then he gave him an abomination, a | seif:8 marker:א -> [even if they were married. ""As for the sake of a Star worke"
,"siftei-kohen","6","seif:1 marker:ב -> [The thing that exists. Until the day of his feast, Lia rose | seif:11 marker:א -> [from Green. ""Damn Hoha:"" | seif:11 marker:ב -> [It is permissible. ""Damn,"" | seif:11 marker:ג -> [And the return is forbidden. It is a sign that he has been  | seif:12 marker:א -> [But at this time, he was. And what is mentioned in section  | seif:12 marker:ב -> [In the evening. Dalai Yushai, who has been praised for her "
,"siftei-kohen","3","seif:2 marker:ב -> [In any case of his name. Not even on the ideal day. Retirem | seif:3 marker:ג -> [And you are going to get me. ""And the customs of the indivi | seif:5 marker:א -> [We say to the idols. If not, why should I go there?”"
,"siftei-kohen","5","seif:1 marker:ב -> [to sell. Never even though on this day of Amsterdam and eve | seif:1 marker:ד -> [It's a black girl. And the column wrote Duff Lavanna that h | seif:4 marker:ב -> [It's dirty. It is said that Hashem’s promise is not made by | seif:4 marker:ג -> [Simp. Israel does not belong to Hashem’s people | seif:10 marker:ב -> [Because there is no such thing. It is hard to imagine that "
,"siftei-kohen","1","seif:1 marker:ב -> [and others] in him. My mother is a musician.”"
,"siftei-kohen","4","seif:1 marker:ז -> [The darkness is allowed. There is no danger: | seif:2 marker:א -> [But yes. Check out the demand for Dr. Thomas Dachni, who is | seif:3 marker:ה -> [At this time. All of them shall know that the stars of this | seif:3 marker:ז -> [It's a great deal to be called. [Ps 119:105; 119:13]"
,"siftei-kohen","1","seif:1 marker:א -> [in the woods. It is not common that Sri Lanka has a name an"
,"siftei-kohen","6","seif:1 marker:ד -> [In front of Israel. But there is no exception to them, but  | seif:1 marker:ה -> [Abraham. It is written that the way of the worker to tie an | seif:1 marker:ו -> [Israel alone. But if the decree is about the entire state o | seif:1 marker:כ -> [Psions of skin. Like I try to borrow something for a star w | seif:1 marker:מ -> [The next one is. As it does, it does a thing that brings th | seif:1 marker:נ -> [The daughter of Israel. It’s just free, but I’m actually di"
,"siftei-kohen","3","seif:2 marker:א -> [To work stars. Among Star Workers Between Israel: | seif:2 marker:ב -> [And they are sober. And so the mitzvah, or the mitzvah, was | seif:2 marker:ג -> [T.C.] “Look at him and see him.”"
,"siftei-kohen","3","seif:1 marker:א -> [And the wise men were arrested. It is because of Hashem’s p | seif:1 marker:ב -> [And the ideana is allowed. For every man in every kind of r | seif:3 marker:ג -> [And that's why he's called. But it is said that he has a so"
,"siftei-kohen","8","seif:1 marker:א -> [And the witnesses are. It is written in the name of the Sag | seif:5 marker:ב -> [Forgive pardon. And it's called ""Samina,"" and ""Syah,"" and "" | seif:7 marker:ב -> [To break in his garden. A. A.D., and a small section | seif:10 marker:ב -> [If there was no . This is the case: | seif:17 marker:ב -> [to the dark. Milgo, such as K.C., is proven in the name of  | seif:18 marker:ב -> [There are some places. I did not hear anything, but from th | seif:18 marker:ג -> [Sirty. And yet, if the recipient claims not to receive me,  | seif:20 marker:ג -> [And look at the X-Men.  סעיף . . ."
,"siftei-kohen","6","seif:5 marker:א -> [and prepare him as well. For the sake of the rest of the ea | seif:5 marker:ג -> [He is on his court. ""A sign of magic."" | seif:6 marker:ב -> [a certain thing. The resignation letter is merely everythin | seif:7 marker:א -> [from himself. But he's going to get out of him."" | seif:11 marker:א -> [The liar himself. And he's in front of himself. And even fr | seif:11 marker:ג -> [It is] that he will not be saved. In the Bible, Daphja is e"
,"siftei-kohen","9","seif:1 marker:א -> [Syah at Samo. He is a widower, and he does not go to hell.” | seif:1 marker:ג -> [So, yes. If you don't go out, then I'll go out before such  | seif:1 marker:ד -> [At this time, he is. That is to say, even Man Dasssler at t | seif:2 marker:א -> [from the same sex. But an epic so that it can take all the  | seif:2 marker:ב -> [He has a few knives. Even all together, and Ichel bought it | seif:2 marker:ג -> [to the wrong. It is not necessary for him to give up agains | seif:3 marker:ב -> [It is permissible. A.D. does not wish to be accompanied by  | seif:5 marker:ב -> [In the hour of a loan. It seems to be if it is known that i | seif:5 marker:ד -> [But] Sadat is called. “And all the other species and so on "
,"siftei-kohen","6","seif:1 marker:ב -> [The lesson of his people. And to D.L. S. X., he has a bit o | seif:1 marker:ג -> [It is permissible. It is because of the fact that her husba | seif:3 marker:א -> [And he gave him a quaint. The length of the needles at his  | seif:3 marker:ג -> [It is permissible. And I will be afraid to get rid of the f | seif:3 marker:ד -> [As soon as I am sick, I am sick. But if he told me, he woul | seif:3 marker:ה -> [And] And even if he wants to get rid of him, he is permitte"
,"siftei-kohen","1","seif:1 marker:ג -> [In the Dura mortgage. We will be able to do this in the mor"
,"siftei-kohen","6","seif:1 marker:א -> [The lender is on the coin. That is to say that he has to gi | seif:1 marker:ב -> [He's CEO. ""And all the righteous that must be given to him, | seif:1 marker:ג -> [And if not the appendix. A.J., who has been removed from th | seif:1 marker:ד -> [until his fifth. Dham would return to Nasser to the sages o | seif:1 marker:ה -> [and] to the word of the coin. That is to say, the word in t | seif:1 marker:ו -> [The new currency. He gives him a new coin."""
,"siftei-kohen","5","seif:1 marker:ב -> [And if he has already been named. In other words, I will no | seif:1 marker:ג -> [and the UN] even. It is an unsustainable courtyard for gyra | seif:1 marker:ד -> [And in the garden. As the first assara, a musician was adam | seif:3 marker:א -> [A.D.] ""The Holy One,"" he said | seif:3 marker:ב -> [The CEO is a. Ducha is in the possession of the borrower an"
,"siftei-kohen","2","seif:1 marker:א -> [It is the responsibility of the word. And if the word does  | seif:1 marker:ב -> [And if he had come with him. And the rash wrote a Dr. Demer"
,"siftei-kohen","25","seif:2 marker:א -> [It is permissible. It was not even interpreted in the meani | seif:2 marker:ב -> [Dia's]. For the star worker, he receives them and sees the  | seif:3 marker:ב -> [And] A. A. A. will be put on a star worker named Kai | seif:3 marker:ג -> [It's possible to give a quaint. “And the Lord did not allow | seif:5 marker:ג -> [Israel] is called a quaint. But not only when the first of  | seif:6 marker:א -> [Israel and the science of Israel has given. It is the fact  | seif:6 marker:ב -> [And there's Cain. For there is no mission for the work of s | seif:7 marker:א -> [The complaint is allowed. ""He's going to take him away."" | seif:9 marker:ג -> [The ugly thing. He is known to be Israel’s Hashem | seif:9 marker:ד -> [And he was promoted by the Levite. And he will use them to  | seif:11 marker:ב -> [Other]. He borrowed from Israel in Barbie for the other Sta | seif:11 marker:ג -> [Lanman said, 'Oh.' (A) | seif:13 marker:ב -> [It is permissible. A.A. is not a mission for a Star worker, | seif:13 marker:ד -> [And if he gave the worker stars. That is to say that the lo | seif:13 marker:ח -> [If he was known as . In other words, if it is clear that it | seif:13 marker:ט -> [And the boys do so. To accompany the name of a star worker  | seif:13 marker:י -> [But in the words of the chin. “And if it is known that it h | seif:13 marker:כ -> [He's sorry for him. He said, “And if the word of the Holy O | seif:14 marker:ג -> [But] he reminded him of him. And the Bible wrote the first  | seif:17 marker:ב -> [on the interview. And not for the messenger, we would say t | seif:17 marker:ד -> [The leaders of the audience are like. ""Look at the answer,"" | seif:18 marker:ז -> [and credit obligations. He has a Starworker. Retirement. “I | seif:20 marker:א -> [It is permissible for borrowing. It was rejected by the fac | seif:23 marker:ב -> [published to many. That is to be trained by it. Students of | seif:25 marker:ד -> [Psor Pio. In this case, it is not clear that the rabbi took"
,"siftei-kohen","1","seif:2 marker:ב -> [He has a cow. “And he would like to pay Alm, or fled, and h"
,"siftei-kohen","2","seif:1 marker:א -> [The height of a fund and a rabbi. A rabbi who immigrated fr | seif:1 marker:ב -> [And not the rabbi. Even a rabbi who came up first. Ra and T"
,"siftei-kohen","14","seif:1 marker:ד -> [From the field. That is to say, “a field that sometimes doe | seif:1 marker:ו -> [A little thing. Epi is too much for a field class that is a | seif:1 marker:י -> [But] when the responsibility of the wise is equal. There is | seif:1 marker:כ -> [But yes. If the house falls or immediately falls apart from | seif:1 marker:מ -> [Dambigail. That is to say, the D.L.L.L.L.L.C. is a replacem | seif:1 marker:ס -> [If he said yes. B. . . . . . . . . . . . | seif:1 marker:פ -> [even as well. It means that Dr. E. A.D. is on the site of D | seif:1 marker:צ -> [He's called him. For it is his mind that he will not eat a  | seif:2 marker:א -> [This bitch. Dafra, however, is not permitted by any other p | seif:2 marker:ב -> [It can be called. Who does not need to let them do so at th | seif:3 marker:ב -> [I am not a vampire. Yes, he is in all the books and books,  | seif:3 marker:ג -> [In an ancient debt. Epi in Nachia is not allowed by directo | seif:4 marker:א -> [The Bedouins. Those of the borrowing fees, or who add a lit | seif:6 marker:ב -> [Laughs]. This is what is written in the name of the Holy Sp"
,"siftei-kohen","11","seif:1 marker:א -> [A.A.] And he knew something that would happen to him as he  | seif:1 marker:ג -> [Abbas for a break for time. And he wrote in it, “If you do  | seif:4 marker:ב -> [He lost his name. This means that Effi does not accept only | seif:6 marker:א -> [To my son, I am. The columnist named Harmmy, ""My guest's na | seif:6 marker:ב -> [Dadner is drowning. ""And thou shalt not lie."" | seif:7 marker:א -> [And if he is not in his possession. To sell in less and les | seif:7 marker:ב -> [The coffee is. But Peckon is permitted as a model for C. X | seif:7 marker:ג -> [And he is an artist. And so on, he said, “I will give you a | seif:13 marker:א -> [It is possible to go ahead. It is written without the gate, | seif:13 marker:ג -> [in San. In the midst of the wine, it is not clear, but in t | seif:16 marker:א -> [for a time. If they were not ready to give time to a placen"
,"siftei-kohen","4","seif:1 marker:ב -> [We have no condition. For he did not believe in the Lord’s  | seif:8 marker:א -> [In a little bit of a year and precedent. It is permitted as | seif:8 marker:ב -> [It is permissible. “And to the seller of the field and to t | seif:8 marker:ג -> [And this is how. The above payment is a sign of the KGB"
,"siftei-kohen","5","seif:1 marker:א -> [There is no stopping. This is a crystal motivating for the  | seif:1 marker:ב -> [And the gate is gone. And if the gate came out in the door  | seif:1 marker:ג -> [And it should be eased by the prohibition. That is to say,  | seif:3 marker:א -> [Fuck. They will give them a lot of gold when they go to the | seif:7 marker:ב -> [He gets who is wrong. We had no need for ourselves in any o"
,"siftei-kohen","3","seif:1 marker:א -> [But if you have hired him. Who if he took out of the fires, | seif:1 marker:ב -> [There is a sweetener. ""And thou shalt not make an act of ex | seif:6 marker:ג -> [The letter]. [Ps 119:]"
,"siftei-kohen","18","seif:1 marker:ב -> [H] is not allowed. And he said to him, “And I will be a wid | seif:2 marker:א -> [It's like a cowboy. And not all of his wages, but Ronen, a  | seif:2 marker:ד -> [Thirty-third. We were the Rambam and the author of Section  | seif:2 marker:ז -> [even the responsibility of Dassin. And L.D. Laddell is a si | seif:5 marker:ג -> [There will be any responsibility. “I am not a son of the Lo | seif:6 marker:ד -> [Only a bit. That is to say, rapes alone or sagave, and they | seif:7 marker:א -> [And he is great. A.A. . . . . . . . . . . . . . . . . . . . | seif:17 marker:א -> [The complaint is. And in the Bible, he wrote in the name of | seif:18 marker:ד -> [And we shall buy like the gate. The Bible writes, but not i | seif:19 marker:א -> [If they are. And he wrote from the license and then said th | seif:19 marker:ג -> [The sign of Churchill. Section D of the Payment of These Di | seif:24 marker:א -> [They were called. He wrote in the Bible in the name of the  | seif:25 marker:ב -> [Danger as a. ""And the Lord's, and the Lord's Word is like t | seif:29 marker:א -> [There will be no . We will not cancel the business.” | seif:31 marker:ב -> [The sign of . . . [Ps 119:] | seif:32 marker:א -> [They were called. He has given the Almighty to receive a gi | seif:35 marker:א -> [to time. The Bible did not set any time for me to be conver | seif:35 marker:ב -> [Only the fire does not listen to him. Luckily, Debbie is be"
,"siftei-kohen","2","seif:1 marker:ג -> [Red dresses are red. There is no way to be red in their dre | seif:3 marker:ב -> [This is a ban. Whatever is used in those countries that mak"
,"siftei-kohen","4","seif:4 marker:א -> [The house is old. He built a house or was born a son or mar | seif:11 marker:א -> [The sign]. Article 12:"" | seif:11 marker:ב -> [A sign].  סכ  סכ  ונ | seif:16 marker:ב -> [On the theft. And so, because he does not do anything. “Try"
,"siftei-kohen","6","seif:1 marker:א -> [We were a cold. And then he writes in the color of motion a | seif:2 marker:א -> [And they were like him. In accordance with paragraph 11: | seif:2 marker:ב -> [Psort unless he is. Joseph's house and the Greeks who were  | seif:3 marker:ב -> [For his death. His blood shows him that he does not do beca | seif:5 marker:א -> [The bullshit is. It is not a place of color.” | seif:5 marker:ב -> [For he died. “For he died.”"
,"siftei-kohen","1","seif:5 marker:ב -> [And there is a quaint. It is not just the first and only th"
,"siftei-kohen","3","seif:1 marker:ג -> [in numbers. It's not like an eye, but it's not an eye."" | seif:2 marker:א -> [His head is like. Dr. Dea is inscribed in the Genesis befor | seif:2 marker:ב -> [The name is . . Camcho Dalai Laurie A New Caleb is him and "
,"siftei-kohen","2","seif:1 marker:א -> [from source. It is written that she has discovered the sour | seif:1 marker:ג -> [Charil. “And the less so-called ‘angel’ in the name of ‘D.’"
,"siftei-kohen","10","seif:3 marker:ב -> [And he did not bring him. W/U.S. Department is that it is,  | seif:3 marker:ג -> [Based K. ""And I'm going to see you."" | seif:7 marker:א -> [Something is going through. In the letter of KP, you will f | seif:7 marker:ג -> [A.C.] to retire as well. I found a presentation from the PA | seif:7 marker:ד -> [Based K. The retirement letter means only nearby, but in ti | seif:10 marker:א -> [And so]. ""And thou shalt not curse the day of departure fro | seif:10 marker:ג -> [All sorts of sacrifice. Even a hug and an abomination and a | seif:10 marker:ד -> [in season A. This is a day or night you should be in the mo | seif:11 marker:ב -> [A.C.] Whether she is awake or asleep between a large column | seif:12 marker:ג -> [But I'm afraid of him. And it is forbidden to come after th"
,"siftei-kohen","2","seif:3 marker:א -> [Torah, I. And the way I told you, I will not believe. “And  | seif:3 marker:ד -> [We do not believe. The taste of the name of the PA, for exa"
,"siftei-kohen","8","seif:1 marker:ב -> [J]. with the first. I mean more often in retirement and it  | seif:1 marker:ג -> [Sir, yes. That is to say, without the exception of the rest | seif:1 marker:ד -> [to his witness. A doves/J. A.D. has found a time divided af | seif:1 marker:ז -> [And she was arrested for her husband. “We are not familiar  | seif:2 marker:א -> [Abraham. It is written in the words of Benjamin S.C., also  | seif:2 marker:ד -> [The petitioner. It means even to the G-d, and it means the  | seif:3 marker:א -> [The authority in her hand is in. Who is in the first minute | seif:5 marker:ה -> [Although she does not know that her daughter is blooding. I"
,"siftei-kohen","7","seif:1 marker:ב -> [and white. And not even completely white, but as a white ga | seif:1 marker:ד -> [The scream. Or an egg, or an egg, so it is in the occupants | seif:1 marker:ה -> [A.B.B.L.] ""And he is like grass."" | seif:1 marker:ו -> [A.C.] Signed K. In the head of the sign: | seif:3 marker:ג -> [Damina is called. And a blow blow is a quick look at the an | seif:3 marker:ה -> [Damina is fucked. It is as thin as it is, and the rest of i | seif:4 marker:א -> [The form of baria. And if there is to be a sense of due to "
,"siftei-kohen","25","seif:2 marker:א -> [As soon as she saw. Once again, for the end of the first si | seif:5 marker:א -> [This is the case that he has seen today as a . . . . . It m | seif:5 marker:ב -> [And he saw again at the end of the Lord. And the Dilega for | seif:5 marker:ג -> [It was determined and ended up with a pedigree. And then yo | seif:5 marker:ד -> [He knew he was far away. It is as if you skip the radar and | seif:6 marker:ג -> [It was determined by her evidence. And to the Los Angeles B | seif:7 marker:א -> [until you see me. And then you will set up a new cut to the | seif:7 marker:ב -> [Because there is no name. There was no name for the first t | seif:10 marker:ב -> [Because he took a seat. Even if she had a regular menstruat | seif:12 marker:ב -> [I am not afraid, but I am not afraid of him. ""The taste is  | seif:13 marker:ה -> [See T. and Bensen. He says, “He is the same as the Lord’s W | seif:13 marker:ט -> [And so on this path, in fact, in fact, in fact, in the same | seif:13 marker:י -> [only] because of a new logo. In a new, first evidence from  | seif:13 marker:כ -> [And he continued to see her six days. And then I saw a few  | seif:14 marker:ב -> [Returned and sm. It is the first to see him, and if he does | seif:15 marker:ג -> [and] stop seeing six seasons. ""All that has not changed in  | seif:16 marker:ב -> [It was] returned to her. And she has repeatedly changed her | seif:17 marker:ב -> [And he was afraid of him. It is because it happened so that | seif:19 marker:ה -> [J.S. and S. And even Mandsover above, Section 12 of the Hig | seif:19 marker:ו -> [Audka, who agreed and ended both. Then when the time came a | seif:20 marker:א -> [But the panic. And he said to him, “And he was alone.” | seif:20 marker:ג -> [Yesterday's call. And to Dr. Laddell S.J. D. D. Demarin dee | seif:27 marker:ב -> [The party boss. And he is the judgment of all the other kin | seif:27 marker:ד -> [J.S.] Medium Seasons. To Falkei if he did not stop the midd | seif:27 marker:ה -> [First sight. That is to say, the last sight from the first "
,"siftei-kohen","5","seif:27 marker:ו -> [Ceased. Seeing first evidence for the CG and its two to the | seif:28 marker:א -> [Andina is afraid. “We were not back to the first box as a b | seif:28 marker:ב -> [The First Lady. ""And so,"" he said | seif:28 marker:ג -> [It is old and old. This will be explained above the letter  | seif:34 marker:א -> [I feel like I'm going to get the first shot. And even if sh"
,"siftei-kohen","22","seif:5 marker:א -> [And the lesson is the same. As a succinct as printed in boo | seif:7 marker:ב -> [Seeking. B.A. Wenz. Retirement:"") | seif:11 marker:ג -> [But] purely. Epic did not pass on the market of massacres t | seif:11 marker:ד -> [Jazed. The tongue of the column as a magistrate, and as a r | seif:11 marker:ה -> [Courage. He synthesized that the women of modesty and deafn | seif:12 marker:ב -> [It is pure and pure. And in the flesh alone of the snoring  | seif:19 marker:א -> [But if they were called. It seems to be D.C. and it is not  | seif:19 marker:ב -> [And] “And the Lord’s son, and his wife, were not afraid of  | seif:27 marker:א -> [Tura. We were when the business employed by him that he was | seif:32 marker:א -> [And he gets unclean. But if he does not receive purely uncl | seif:41 marker:א -> [Ade. Indeed, Miranda and Starworker because he has broken d | seif:42 marker:א -> [They will be included. Although all of these do not spoil w | seif:42 marker:ג -> [and her girlfriend is broken. Everything before her: | seif:43 marker:א -> [He knew he was a son. It is this and that is to say that ev | seif:43 marker:ב -> [And he returned and married. [And if he did not return to h | seif:44 marker:א -> [To be married. ""Third"" by Co-C | seif:44 marker:ב -> [And he did not check. When he was stripped and married in t | seif:46 marker:ב -> [He was looking at him. The holding of the daughters of Isra | seif:46 marker:ג -> [Not even before us. It means that if he is before us and sa | seif:46 marker:ד -> [It is determined to make it worse that it is not as a deriv | seif:50 marker:א -> [The Supreme Court] R.R. for the custom that lays on this ba | seif:52 marker:ב -> [The old man who was gone. The above is C. K.C., which is an"
,"siftei-kohen","7","seif:1 marker:א -> [And she is standing. Between a shower between a drinker | seif:1 marker:ב -> [On the Spouse. And if you stay in the cup. Retirement and t | seif:1 marker:ה -> [In any case of uncleanness. Even a shower into the cup,"" | seif:1 marker:ו -> [Torah in every matter. For the sake of Hashem’s people, Has | seif:1 marker:ט -> [Between the fact that we will be able to do so, and we will | seif:1 marker:י -> [Only Cartine Cho.] But if he found blood, he would have fou | seif:1 marker:כ -> [It is not blood.] There is no need to lay water to see if h"
,"siftei-kohen","7","seif:1 marker:א -> [A.C.] Stops. And the ideana used to stop at Taharah even in | seif:2 marker:א -> [A.C.] We are not yet devoted. It means that if we are alrea | seif:3 marker:א -> [A.C.] He has a clean time. And even if he is in the name of | seif:4 marker:ג -> [A.D.] More conservation. He said, “I will not give up the L | seif:4 marker:ד -> [And he's getting worse."" It seems that the custom not to be | seif:4 marker:ה -> [And there is no such thing. That is to say, “Damelman, who  | seif:4 marker:ז -> [And the custom is small. I have written in the name of the "
,"siftei-kohen","1","seif:1 marker:א -> [And he was in his presence. The blood that is dying and dow"
,"pitchei-teshuva","1","seif:7 marker:_ -> [Her immersion did not take effect. Avnei HaTzedek and what "
,"siftei-kohen","2","seif:7 marker:ב -> [The Hundred of Females. Provided:"" | seif:10 marker:ב -> [And he was called. “We were in the Bible and in the U.S., a"
,"siftei-kohen","2","seif:1 marker:ב -> [Abby in things. If you don’t talk to them, you don’t talk t | seif:3 marker:א -> [And so]. ""And I will not eat with her in a bowl of A,"" he s"
,"siftei-kohen","1","seif:3 marker:ה -> [But after the mountain. That is to say, if the first baptis"
,"siftei-kohen","17","seif:1 marker:ב -> [Because the way is. And the suppression of most people does | seif:6 marker:א -> [We are not in trouble. For there is no man who cares about  | seif:6 marker:ב -> [In a man. And yes, a free woman doesn't care, but a pregnan | seif:6 marker:ג -> [The scandals. We were what Corin Bell/A. Marzah or Marlaki  | seif:7 marker:א -> [We are not in trouble. There is no need to be taken here be | seif:11 marker:א -> [And if we don't see him. In the Bible, it is not seen and v | seif:18 marker:א -> [The cowboy. “Look at the Bible that his words are incompati | seif:21 marker:א -> [Ceased. She herself is because her mouth is not on her. D.C | seif:21 marker:ב -> [It's an inch. It seems that Daldine is accustomed to consum | seif:23 marker:ב -> [It's called 'Snow.' We were the boards that doctors did | seif:24 marker:ב -> [It didn't come up. ""And thou shalt not bring water into the | seif:28 marker:ג -> [In the water. ""But not in the water of the rods, but not in | seif:28 marker:ד -> [of course. by snoring. He is in his mind, and he is in his  | seif:31 marker:ד -> [And that's what it is like. “No, no, no, no.” | seif:47 marker:א -> [Andנדבin is strong in the flesh. And they're a burgeoning e | seif:48 marker:א -> [And he shall be called. Who doesn’t want to congratulate wh | seif:48 marker:ג -> [And if these things were hurt. Like a dog or a serious pers"
,"siftei-kohen","5","seif:1 marker:א -> [And the hair of her head is empty. In the words of the Ramb | seif:2 marker:א -> [A.C.] It is written in the book, “What is wrong with you, a | seif:6 marker:ג -> [The house has been hidden in the West Bank. But not all of  | seif:10 marker:א -> [If in a season. There are no congestions between the season | seif:13 marker:ב -> [But you can wear a spoon. Dalai Lana is a dish that is not "
,"siftei-kohen","15","seif:4 marker:ב -> [There is always a place like Aha. There is no intention tha | seif:4 marker:ג -> [It's in place. In accordance with paragraph C.C. and C.C | seif:10 marker:ג -> [A lawyer is called. The hard retirement of Article 11 of th | seif:12 marker:ב -> [on the back of the dishes. So when all the spring boils dow | seif:15 marker:ח -> [This is a little bit. And he wrote, “And I will not give yo | seif:15 marker:ט -> [But] there is no shortage. It even fell out of everything t | seif:15 marker:כ -> [C] Land. It is not the water’s back above the ground, but t | seif:18 marker:א -> [It is full of . It has less than forty sas, but if there we | seif:18 marker:ב -> [A.] She has taken hundreds and twenty to the pool. If the p | seif:20 marker:ב -> [&quot;Until it is taken into account, etc. I am accurate un | seif:25 marker:א -> [We will not be sculpted. Because it does not have the body  | seif:29 marker:א -> [There is no spoiler. Derry is as if it were all wine and ag | seif:29 marker:ב -> [&quot;And complete the mikva 20. And the opinion of Rabbi D | seif:31 marker:א -> [Swild. He was the colder of the cold | seif:31 marker:ב -> [See the lines. That is to say that you have come back to be"
,"siftei-kohen","11","seif:36 marker:ב -> [Cylon is. In accordance with the word | seif:41 marker:ב -> [to get from his days. The oven that came into it from the p | seif:41 marker:ג -> [It is important to know how. It is not that the bread in th | seif:44 marker:ב -> [The words that do not rule out.] And it is not the most com | seif:47 marker:א -> [This is where it comes from. It is due to the fact that the | seif:52 marker:א -> [The place is wrong. The sages of the snail from the rod, bu | seif:54 marker:ב -> [And if the Wall broke up. “And the Lord has not been hacked | seif:59 marker:ב -> [They're going to mess with them. Know that wherever the spi | seif:65 marker:ג -> [That's right. We don’t trust the attachments where we can t | seif:68 marker:א -> [The pure doubt. So when he was a majority of kosher water i | seif:74 marker:ב -> [Psalone who is strong. It seems that the depletion of the o"
,"siftei-kohen","1","seif:6 marker:ב -> [If there is a . We were when a pure schema, but when the sc"
,"siftei-kohen","5","seif:1 marker:א -> [In the words of the Lord. I am not sure that it is forbidde | seif:1 marker:ב -> [This is a sacrifice for me. “And he shall be the same as th | seif:1 marker:ג -> [And I shall be like him. And he did not say that it was for | seif:1 marker:ו -> [There is a tongue. He said as a victim in the Fatah or in t | seif:2 marker:א -> [Assir. As the victim of the Lieutenant-General of the Battl"
,"siftei-kohen","2","seif:1 marker:ב -> [We need a question. He wrote in the name of the PA’s respon | seif:2 marker:ג -> [There are bans. Despite the fact that these exclusions are "
,"siftei-kohen","2","seif:4 marker:א -> [It is forbidden. He says, “I am a servant of Hashem’s peopl | seif:4 marker:ב -> [As a minister of servants, Johns is a son. Dema planted in "
,"siftei-kohen","4","seif:2 marker:א -> [The choice of sea. In the media of the sea."" | seif:2 marker:ג -> [And if he is with him. And now we will be able to say, “Thi | seif:2 marker:ז -> [And he was on her as well. But if you want to be allowed to | seif:5 marker:ב -> [The DNA and Matthew S. And we will get rid of his oath as f"
,"siftei-kohen","1","seif:1 marker:א -> [&amp;quot;And he said, Amen, all of you. On the sign of the"
,"siftei-kohen","2","seif:1 marker:ג -> [And if he has made other opinions. As he said, “I don’t eat | seif:3 marker:א -> [in . . We were peace with you Rabbi. Retirement:"")"
,"siftei-kohen","1","seif:1 marker:ג -> [And the Lord is like him. This G-d will be suppressed in Se"
,"siftei-kohen","4","seif:1 marker:א -> [I'm accomplice. ""And thou shalt be thrust down to thy soul, | seif:1 marker:ד -> [Ps. Derry Pio and his hands are in them, and they are in th | seif:1 marker:ה -> [I took my eyes in sleep. We were just a day or day old, but | seif:1 marker:ו -> [J.A. Devi vow of a theory. ""And thou shalt be thrust down t"
,"siftei-kohen","6","seif:1 marker:א -> [They were prohibited. ""The wisdom of the wisdom and the wis | seif:1 marker:ב -> [Terrorists]. He said, “I am not healthy; I have seen who is | seif:1 marker:ג -> [&amp;quot;The day of the week of Av or the day of the week  | seif:1 marker:ד -> [And he opens up in the window. It is written from the PA to | seif:1 marker:ה -> [I believe that they are prohibited. And now it turns out th | seif:2 marker:א -> [A lot of people are called.  סי . . . . ."
,"siftei-kohen","3","seif:1 marker:א -> [And they are called. It is not written, but it is not writt | seif:1 marker:ג -> [I am sitting. It is not true that there is no mention of th | seif:4 marker:א -> [Heaven is]. Who should be allowed to be in S.C. I have writ"
,"siftei-kohen","10","seif:1 marker:א -> [in exchange. “We were that Japan had no other thing, and it | seif:1 marker:ד -> [Faloni fruit. That is to say that of a flawless man, but if | seif:2 marker:ב -> [It is permitted in their exchange. Write a demand and a dis | seif:2 marker:ג -> [For me, it is forbidden. “I will be like I will forgive mys | seif:4 marker:ב -> [It is permissible. He is not his home."" | seif:4 marker:ד -> [And all the people of his wife are like him. In other words | seif:7 marker:א -> [This house is like. It means that I will not say in my life | seif:7 marker:ג -> [It is permissible. It seems that Dama fell in his speech an | seif:7 marker:ד -> [A crowd. In this case, it is a sign of the law | seif:9 marker:א -> [It is permissible. It seems to merely, but if the taste of "
,"siftei-kohen","13","seif:4 marker:א -> [Just as a. [Ps 119:105;] | seif:4 marker:ד -> [His name is forbidden. But it is not just a vegetable or a  | seif:10 marker:ג -> [Behin is a. This is the result of a taste in the apartment  | seif:10 marker:ד -> [It is permitted in field tunnels. And I think it is now for | seif:11 marker:ב -> [A.m., D.C.] It means that it is not possible for them to ge | seif:13 marker:ב -> [And yet another honey is called honey. But in Couma d’Aja,  | seif:13 marker:ג -> [The Masks. Final grapes that do not cook. ""Try:"" | seif:19 marker:א -> [Just a quaint. See the above sign: | seif:19 marker:ג -> [And if he said all the strain was . And those who do not re | seif:22 marker:א -> [And the clothes are made. And even on the back of the calam | seif:36 marker:א -> [And he said yes.  ר  סי . . . . | seif:48 marker:ב -> [&amp;quot;It is forbidden to lend, etc.&amp;quot; Madkamer  | seif:48 marker:ג -> [He's called him. He also wrote that the author is a sign of"
,"siftei-kohen","2","seif:4 marker:ב -> [He who has been killed by a patient who has been and who is | seif:6 marker:א -> [Consensual consent. [Ps 119:105; 119:130]"
,"siftei-kohen","9","seif:1 marker:א -> [over]. For the same time, he said | seif:3 marker:ג -> [This week. ""And he said, 'This is a wine that I'm going to  | seif:3 marker:ה -> [There is no above. I mean seven days above the hour of the  | seif:7 marker:א -> [There is no above. ""From the hour of the day,"" | seif:11 marker:א -> [And he himself was on the subject. It is written in the boo | seif:12 marker:א -> [until the harvest. The harvest belongs to the grain and the | seif:12 marker:ב -> [until he comes. The actual harvest is not until the harvest | seif:15 marker:ב -> [Our time is permanent. Or not because they rejected it.” | seif:23 marker:ב -> [And he was fired. Enjoying the Passover and here he did not"
,"siftei-kohen","26","seif:1 marker:א -> [Even in the valley. Although there is no man who makes his  | seif:1 marker:ג -> [A.S.] Duchron is a way to rent and like them and is applied | seif:1 marker:ה -> [Coldier. And I will not be able to borrow cups and bowls th | seif:2 marker:א -> [It can be called. We were not in his mind, nor did he menti | seif:2 marker:ג -> [and may be able to feed. Despite a tyrannical back that the | seif:2 marker:ד -> [But it is not possible to dwell in his death. Even the food | seif:2 marker:ה -> [To take her wages. It's a sign of the V | seif:2 marker:ו -> [In the cup of the mourning house. And he is not so happy.” | seif:2 marker:ז -> [And there is a name. And even on the back of Daidana, we we | seif:2 marker:ח -> [And they are waiting. And the first verse in the first plac | seif:2 marker:ט -> [In everything. It means a simple thing, and as a result, Ra | seif:3 marker:א -> [A little girl or girl. But it is permissible to give him an | seif:3 marker:ג -> [But] he does not return to him. And if the husband does not | seif:4 marker:א -> [He's commanded. I mean to him,"" | seif:4 marker:ח -> [And he was given a gift from his property. And so I will gi | seif:4 marker:ט -> [We will visit him. But it is not inhabited as an army | seif:4 marker:י -> [But not settled. ""You can stand up."" | seif:4 marker:כ -> [He dreamed of us. Simon does not enter the house of Simon a | seif:4 marker:ל -> [And he may testify to the voice. He is the one who has been | seif:5 marker:ב -> [Not even in Katrina. ""Abjected with heat:"" | seif:5 marker:ה -> [The ground is in front of him. He was comfortable with him. | seif:6 marker:א -> [A piece of hand. [Abbas.] C. ""And the Lord,"" he said, ""that | seif:6 marker:ב -> [It is permissible. He said he had no idea of what he had re | seif:7 marker:א -> [He rented a house for his friend. He has no hand in his min | seif:7 marker:ח -> [The poor bastards]. That is to say, “The burden of the Lord | seif:8 marker:א -> [The Lord] is permitted. There is no way for a man to eat in"
,"siftei-kohen","1","seif:1 marker:ג -> [A.A.C.] For this reason, Hashem’s people will be given a gi"
,"siftei-kohen","2","seif:1 marker:א -> [The son is allowed. Demma of the Zotri, who has been oppres | seif:4 marker:ב -> [If you are angry. It seems that Dalman Dosler above is a si"
,"siftei-kohen","1","seif:1 marker:ב -> [And] In everything that does not have a partition sentence,"
,"siftei-kohen","4","seif:1 marker:ב -> [The vow. And not for the sake of a choice that should be co | seif:1 marker:ו -> [A place in B.C.] We were a great place in which there is a  | seif:2 marker:א -> [We must not put. It is not even in any way that the Bible d | seif:2 marker:ה -> [The NAMES. The author's point is that he is cast out as a b"
,"siftei-kohen","2","seif:1 marker:ג -> [Judina is frozen. He is a commodity that is distributed to  | seif:1 marker:ו -> [Abbana Demi in the Fairy. It is a commodity that does not t"
,"siftei-kohen","34","seif:1 marker:א -> [And he is a snail. I swear to Hashem’s promise to Abraham.  | seif:1 marker:ד -> [And I'm jealous. And it is not to be permitted, but in Jasm | seif:3 marker:ב -> [and] is standing up. “And in the morning of the Lord, we sh | seif:3 marker:ג -> [And Jeremy Chor used to allow him. Because in the Shabbat e | seif:5 marker:א -> [And I will forgive myself as a. And if the people of the ci | seif:5 marker:ב -> [The people of the city were called. But it is forbidden tha | seif:5 marker:ג -> [You have a fight. Epic, in addition to years from another c | seif:7 marker:ב -> [And then he is allowed. R. Even without any other opening,  | seif:12 marker:ב -> [There is a common demon. He said that he would not come.” | seif:13 marker:א -> [And he was lying. And he would have imagined that Damma was | seif:13 marker:ב -> [I am sorry and grateful to him. Dea can not allow a Bible w | seif:15 marker:ב -> [And if there is a barrier. . . . . | seif:17 marker:ג -> [and] shall be set up on the terms of the Lord. I'm in a qui | seif:17 marker:ד -> [and] to Manda as a. In this case, it is written by the Lord | seif:20 marker:א -> [And he was killed. That is to say, for the will of the Lord | seif:20 marker:ה -> [For the oath. But what he did on the other hand was not cal | seif:20 marker:ח -> [But if he himself was shot. It is written that Hashem’s pro | seif:20 marker:ט -> [It was] that he was shot. We were vowed for the will of the | seif:20 marker:י -> [And] That is to say, “The Lord has another taste of the sha | seif:20 marker:כ -> [And even he was given to him that he was good. And who was  | seif:20 marker:ל -> [And the wise knowledge of the good. He is not a lawyer name | seif:20 marker:מ -> [The Holy One] For the majority of the phosphors of the occu | seif:20 marker:ר -> [Even if she has already been married, he must divorce her.  | seif:21 marker:ד -> [There's a quaint. And then, when he comes to his mind, he’s | seif:21 marker:ז -> [Reading something. And he wrote in the name of the Lord, “Y | seif:21 marker:ט -> [But if he said unspecifiedly. The view of Ran and Rashba an | seif:21 marker:כ -> [The four who were sworn together. “If you swear to me, you  | seif:21 marker:ל -> [Only in a time of pressure. This is what the rabbi wrote ac | seif:22 marker:א -> [Heared by himself. That is to say, if he has set up for a g | seif:22 marker:ב -> [We have been called Rabbi Hou. And he has no help."" | seif:23 marker:א -> [And vowed in many. That is to say that it has been arranged | seif:25 marker:א -> [This is how we are going to be, and they will be saved. Wha | seif:29 marker:א -> [And they do not think of returning. That is to say, even th | seif:29 marker:ב -> [And so, yes. The tongue does not circumvent the sages of th"
,"siftei-kohen","3","seif:33 marker:א -> [And this is a oath. And in the words of the Rambam, I will  | seif:35 marker:ב -> [There is no ban. It is written in the Qur’an’an’s response  | seif:45 marker:א -> [There is who is. ""A sign of 'D.'"
,"siftei-kohen","8","seif:1 marker:ג -> [Go to you. “And thou, and thy sons, and thy sons, and unto  | seif:1 marker:ד -> [And they all got shot. It is not necessary for him to repla | seif:1 marker:ו -> [It's like this. He said, “No, O Lord, I will give him a ble | seif:1 marker:ז -> [We need a doorway. And he is the judgment."" | seif:1 marker:ח -> [But] he tried by the door. It seems a little bit to make mi | seif:2 marker:ב -> [And yes, in violation. It means, but some of them were perm | seif:3 marker:ג -> [Allah] who has been asked for him. It means that it is not  | seif:4 marker:ב -> [Indicted in the ISA]. That is to say, “No Jew shall be perm"
,"siftei-kohen","2","seif:1 marker:א -> [Behind as a. He said, “I will give thanks to Hashem’s peopl | seif:1 marker:ב -> [But] but laughed. Or, for the sake of the Lord, he is in th"
,"siftei-kohen","16","seif:2 marker:ב -> [And there's Cain. And as we know that the world has been wr | seif:2 marker:ג -> [The Lord] said to him. If you sell it later, but if you sel | seif:2 marker:ד -> [And if the seller says yes. If I add a little bit to you th | seif:2 marker:ה -> [Land for years. They want to buy from him and say that I do | seif:5 marker:ד -> [And there is a sign. He said to him, “But if he said, ‘No,  | seif:6 marker:ב -> [It was a thief. [Ps 119:105;] | seif:6 marker:ג -> [And the redundant was a vow. [Ps 119:105;] | seif:6 marker:ד -> [And he said yes. It means that Namma was forgotten that the | seif:12 marker:ג -> [These are rapes. It means that I will not sign up at the ti | seif:12 marker:ד -> [Jons of rape. It is written in a quick reply by Glyanti, wh | seif:12 marker:ה -> [And if he had rape. It seems that Rabbi Miliri, who was pro | seif:14 marker:ד -> [for Anas Chery. But in the rest of my heart, things are not | seif:14 marker:ה -> [But if you know the Chinese as well. He wrote from the vers | seif:14 marker:ח -> [B.J.] Jews who have called Zajz and the stranger another wi | seif:15 marker:ב -> [and so]. And then, to make it easier for her husband that h | seif:20 marker:ב -> [A.A.C.] Check out the sign of the Bible"
,"siftei-kohen","2","seif:1 marker:א -> [And the year of the year is the same. They even checked thi | seif:1 marker:ב -> [A.A.A.] and 1 day later. I'm not going to bring in the 'hea"
,"siftei-kohen","16","seif:1 marker:א -> [The Father is a. The father and the husband are simply circ | seif:1 marker:ב -> [Jands KW. ""His daughter and his wife and his wife, and as a | seif:1 marker:ג -> [The girl. We were one year old and one day, and they came t | seif:1 marker:ה -> [in the box. We were another six-year-old who would bring a  | seif:5 marker:ג -> [Anda] vows that were on her before she was raped. We are no | seif:12 marker:א -> [incoming. We had made a marriage with her husband and the r | seif:16 marker:ב -> [Audka who died after a hearing day. (Ab) | seif:24 marker:ב -> [And he said to her, Talia. In accordance with the Qur'an: | seif:31 marker:א -> [Because they told him. This is to say that the Lord’s daugh | seif:31 marker:ג -> [I also recommend this cow. He did not come back, and he did | seif:35 marker:א -> [We are not a bastard. What's better than the marriage."" | seif:37 marker:א -> [You may be treated or allowed as a. ""Damn,"" he said, ""I sha | seif:55 marker:א -> [And things are like. I mean or things:"" | seif:55 marker:ב -> [Never. And I'm like others."" | seif:71 marker:ב -> [Audka, who said, will be brought to their people. Unbelieva | seif:71 marker:ה -> [And see me, O.C.]. The ancient name of the Rambam is writte"
,"siftei-kohen","5","seif:1 marker:ב -> [I think it's up to 12 days. For a woman has been astounded  | seif:1 marker:ד -> [And after a while, he will take his seat. We were when the  | seif:2 marker:ב -> [Andina provides . . . It means, however, if it also provide | seif:2 marker:ג -> [and] because the apartment is. That is to say that the apar | seif:3 marker:א -> [And they shall be in heaven. ""Dad can't tell you."""
,"siftei-kohen","6","seif:1 marker:ב -> [There is a sacrifice. [Ps 119:105; 119:130] | seif:2 marker:ב -> [But an injustice. ""And this is an oath."" | seif:2 marker:ד -> [These are excellent. Not to be used to take a oath to the c | seif:5 marker:א -> [And he called a camel. We follow the language of humans and | seif:5 marker:ד -> [And it's just a few weeks. It is said that this language de | seif:6 marker:ב -> [The other one must have his oath. This means that it is not"
,"siftei-kohen","3","seif:1 marker:א -> [C] oath. It is a sign of Hashem’s mercy and abhorrentness | seif:6 marker:ד -> [But if he took his hand. And he said, “He is a sign of the  | seif:10 marker:א -> [He was called. ""And thou,"""
,"siftei-kohen","6","seif:1 marker:ב -> [But he doesn't have to. A victim or a scar: | seif:6 marker:א -> [This week is called. Dachron, which includes things that ar | seif:10 marker:ג -> [And everywhere if he is called. And in the book of life, P. | seif:11 marker:ב -> [A.S.] There is no place for each other for a patient who is | seif:16 marker:ג -> [And] [the Lord] is a sign. ""And there's a lot."" | seif:21 marker:ב -> [The second disease. ""The Lord's wrath was not the first oat"
,"siftei-kohen","9","seif:1 marker:ג -> [Between the matter of its establishment and its abolition.  | seif:1 marker:ד -> [Between the condition. The above is R&amp;D."" | seif:1 marker:ח -> [And the words of the Rambam] are the same. And he said, “Th | seif:1 marker:י -> [A ban from the oppressor. That is to say, and when I swear, | seif:1 marker:כ -> [Even if we were a quaint. He said that he would not be save | seif:3 marker:א -> [This week is called. A.J. Dendars does not apply to things  | seif:3 marker:ב -> [“Snow.” And he said, “I am not afraid of Hashem’s mercy, an | seif:8 marker:א -> [and so]. It is difficult to do this and it seems that Rabbi | seif:16 marker:ג -> [But the ban is not. If the prohibition is eaten even on the"
,"siftei-kohen","1","seif:8 marker:א -> [Ada does not owe him. And the Bible wrote the first S. D. D"
,"siftei-kohen","1","seif:1 marker:א -> [We cried. It is such as the hands of the nerd armies and th"
,"siftei-kohen","31","seif:3 marker:א -> [Everything that counts him. It is written in the words of D | seif:3 marker:ב -> [But yes. And he said, “It is not so that Hashem should prov | seif:4 marker:ב -> [And this is all in a clear hole. All this goes on to this c | seif:4 marker:ד -> [A.A.A. is a student. And this is not a part of a way that i | seif:4 marker:ה -> [A.A.A.D.A.D.A.A.D.A.D.A.D.A.D.A.D.A.D.A.D., is used to come | seif:4 marker:ז -> [Beyond twelve mil permitted even without permission; Tosafo | seif:4 marker:ח -> [A.C.] He took permission. A complete student, Kai and Sims, | seif:4 marker:ט -> [Outstanding rabbi most wisdom required; Maharik responsum;  | seif:15 marker:א -> [It is permissible to mention . “Anything will happen in whi | seif:15 marker:ב -> [But you can say yes. It seems that not in his face, and in  | seif:16 marker:ג -> [The authority of the Lord is in prison. And it seems that i | seif:16 marker:ד -> [Not pray equate to rabbi; Tosafot bowing; Yonah interruptio | seif:16 marker:ה -> [Not behind; Gemara Tefillat HaShachar student-colleague; Or | seif:16 marker:ו -> [Beyond four cubits; Beit Yosef Orach Chayyim 90; Tur Bach a | seif:16 marker:ז -> [And if he was a quaint. Yes, he learned from the mountains  | seif:16 marker:כ -> [until he was covered. Or until you sit as follows C.R | seif:16 marker:ל -> [Some say not obligated; Rambam not permitted means not obli | seif:21 marker:א -> [Unless rabbi divides honor to student; Derishah Bach Rabbi  | seif:22 marker:א -> [I tell him. This is a way of honoring my fellows and so on: | seif:22 marker:ב -> [Protest hand; clear prohibition; Turei Zahav doubt; Eruvin  | seif:31 marker:ג -> [The bigger than him. Or an old man from him in the city of  | seif:31 marker:ה -> [Colleague not; Ran Raavad Ribash 379; Maharik 173 greater m | seif:31 marker:ו -> [To stay like him. And he is not allowed to do so in the nam | seif:31 marker:ח -> [He was wrong. That is to say that he has a receipt that the | seif:31 marker:ט -> [In a matter. See what is wrong with what matters: | seif:31 marker:י -> [And even if he erred in shikul ha-daat. It appears this app | seif:31 marker:כ -> [First permitted ruling took effect; Rosh Yerushalmi; may fo | seif:31 marker:ל -> [But in another act. And if the first wise man forbids mater | seif:34 marker:א -> [and suicide. It is not possible to return to it, and it is  | seif:34 marker:ב -> [The bastard. His father is not even wise. Joseph’s house an | seif:34 marker:ג -> [The voice is. But if he does not think against his rabbi ev"
,"siftei-kohen","4","seif:2 marker:א -> [And brother]. The crowd and fled to hire others as well. “H | seif:2 marker:ב -> [But it's so. See the X X X X X X X X X X X X X X X X X X X  | seif:2 marker:ו -> [The negotiations. And even if he is so blessed with the Alm | seif:5 marker:ב -> [And he was called. I will report that the owners of the ped"
,"siftei-kohen","2","seif:1 marker:א -> [Jank. Joseph’s house, called him, “He who has not come to a | seif:9 marker:ב -> [And he was in front of him. “And the Lord, and the Lord, sh"
,"siftei-kohen","2","seif:22 marker:ג -> [Dia's a little bit. For example, such as in the midst of a  | seif:22 marker:ד -> [But if he came. That is to say, when another person comes t"
,"siftei-kohen","2","seif:21 marker:ג -> [And I'll use the tag. A widower who makes his Torah cold to | seif:23 marker:ב -> [Joseph. He will die without his time.”"
,"siftei-kohen","1","seif:4 marker:ב -> [Because if it is. It will come as the Ten mitzvot say, “The"
,"siftei-kohen","6","seif:1 marker:ב -> [Ps 119:105; 119:130]. This is not a case for my wife, I wil | seif:1 marker:ג -> [The horn. And even if he did not make a gift on his side, h | seif:1 marker:ד -> [His face is . In the Bible, it seems that he understood Dr. | seif:3 marker:ג -> [Indeed as . That is to say, a charity that does not have a  | seif:3 marker:ה -> [“I am jealous of the orphans.” It is not even hard for them | seif:5 marker:ב -> [Toler. We will see Dr. immediately after hearing a few days"
,"siftei-kohen","1","seif:1 marker:א -> [As needed by the poor. And as a sign of the . . ."
,"siftei-kohen","4","seif:1 marker:א -> [The offender. A Hebrew tongue means that it is used to pass | seif:5 marker:ב -> [His opinion is so.] It is written in the response of R.I. N | seif:8 marker:ב -> [The right is a woman. Because the man's way to return to th | seif:9 marker:ג -> [It's a big hole with him. And it is written in the book of "
,"siftei-kohen","2","seif:9 marker:ב -> [His mother is previous. It is because it is called the Lord | seif:9 marker:ג -> [I was promoted to them all. Hashem’s promise is that Hashem"
,"siftei-kohen","3","seif:1 marker:ג -> [The address of his wife. P. Rabino, who is married, and is  | seif:3 marker:ב -> [The land is like. Apart from his apartment, Tor. In other w | seif:3 marker:ג -> [The Joker is. But if all the lands were taken away from oth"
,"siftei-kohen","1","seif:2 marker:ג -> [from them. As follows C. Ranjt S. and the Taste of Dewey as"
,"siftei-kohen","2","seif:4 marker:ב -> [And] to the Supreme Court. There is no word for the Lord’s  | seif:4 marker:ג -> [He was given to Gabbay. The director of the public, Duchy D"
,"siftei-kohen","4","seif:1 marker:ב -> [Because of the suspicion. “No one shall be afraid of any of | seif:5 marker:א -> [It takes the back to the funeral. [Ps 119:105; 119:13] | seif:5 marker:ב -> [from his dozens as well. “And the rest of it is righteousne | seif:5 marker:ד -> [from his ten. “And they should be punished by Hashem’s peop"
,"siftei-kohen","8","seif:1 marker:א -> [As Memphis Henderson. It's a sign of the jackpot."" | seif:1 marker:ד -> [and wait for him. We will tell him that if you know that in | seif:5 marker:א -> [I am interested in the city. Like he was in the same city,  | seif:8 marker:ב -> [But if he said yes. And he even says so about something tha | seif:8 marker:ה -> [The status of their drinking. ""And as it is written in the  | seif:8 marker:ו -> [And he must not change. Dao Lyah as if he came near the bac | seif:13 marker:א -> [It can be repeated. It is not possible that the Holy Spirit | seif:13 marker:ב -> [If he thought in his heart as a. See the Bible as a sign"
,"siftei-kohen","1","seif:2 marker:ב -> [The need for the . . I believe in Hashem’s holy house that "
,"siftei-kohen","1","seif:3 marker:ב -> [Two virgins. It's about it and it's about it. ""Damn:"""
,"siftei-kohen","3","seif:2 marker:א -> [And she called her son. He gave him his son: | seif:5 marker:א -> [The first time he came. That is to say, “The Lord has come  | seif:5 marker:ב -> [And there is no such thing. The author has already written "
,"siftei-kohen","2","seif:1 marker:ג -> [And] And in Joseph’s house, he wrote that the first one wou | seif:5 marker:א -> [even in one place. Yes, it is in all the books of the t-shi"
,"siftei-kohen","5","seif:1 marker:ב -> [to get married. He wrote in the name of the Bible when the  | seif:3 marker:א -> [And the little one born. by C. S.R | seif:4 marker:ב -> [And he is in his word. And as in the midst of Hashem’s peop | seif:4 marker:ד -> [And] the author of the S.C. shall fix. ""Damn,"" | seif:11 marker:א -> [They are going to do so. ""And thou shalt light a candle in "
,"siftei-kohen","5","seif:3 marker:ב -> [to be in his teeth. It's possible for my children to be mar | seif:9 marker:א -> [The hot water. “And we were going to be in the morning.” | seif:11 marker:א -> [Try him. ""Sustainable is:"" | seif:12 marker:א -> [Israel as a. And I will see even married by Nami M.M., who  | seif:12 marker:ב -> [Try him as a. It is written in the Book of Revelation, and "
,"siftei-kohen","18","seif:1 marker:ד -> [The lesson that is sent to the fetus. He does not have anyt | seif:4 marker:ב -> [And yes, in these countries. Hashem’s promise is that Hashe | seif:5 marker:ב -> [And he was driving in a slave. For example, Kanau was a rab | seif:14 marker:א -> [such as being in the war. But we shall sit in peace at the  | seif:14 marker:ג -> [I thought of his plan. And it does not go out of money beca | seif:19 marker:ב -> [Even small. The author says, “The Lord is not worthy of the | seif:21 marker:ב -> [And all the more if he injured etc. And this is straightfor | seif:22 marker:א -> [A.C.] You will go to freedom. And when we were given to the | seif:41 marker:ב -> [On paper or on the capsule. Check out the Bible and come to | seif:62 marker:ב -> [But he was screaming. She was half a snail and a half-a-yea | seif:63 marker:א -> [And the old woman was divided. The tongue of the column and | seif:68 marker:א -> [Aptic. Even explicit ephecies such as saying you do not hav | seif:68 marker:ד -> [And he was called. He will not be given to him that he stil | seif:69 marker:א -> [Affi] is that the child has been reduced. We were just but  | seif:69 marker:ב -> [And] Demma came to her for no man to do with the help of pr | seif:70 marker:א -> [It was his record. Dalai Lao, who is not afraid of Hashem’s | seif:80 marker:א -> [This is not a buffer. ""And the Lord,"" he said, ""This is a m | seif:80 marker:ב -> [If they say yes. To know Rashi and the column of the Lord i"
,"siftei-kohen","3","seif:80 marker:ו -> [Crying. In his book, he wrote, “And the Lord of hosts, and  | seif:80 marker:ז -> [D.A.A.D., he is not. That is to say, the walnut for freedom | seif:82 marker:א -> [and the loss of blood. If not yet the blood has been given,"
,"beer-hagolah","1","seif:5 marker:_ -> [And he fathered from her. See Beit HaTalmid in the name of "
,"pitchei-teshuva","2","seif:4 marker:_ -> [and the chairman. See the answer of the entire psalm as a s | seif:5 marker:_ -> [And he fathered from her. See Beit HaTalmid in the name of "
,"siftei-kohen","3","seif:2 marker:ב -> [And there are not many on him. “You mentioned the punishmen | seif:2 marker:ג -> [And there is no Maddhorn on him. That is to say that even i | seif:2 marker:ה -> [And he] will be sent to him. It means that the Lord does no"
,"siftei-kohen","5","seif:5 marker:ב -> [and the second divorce. We needed a Ghat de Khadushin to hi | seif:8 marker:א -> [The two are like. “What is the glory of Hashem, and what se | seif:11 marker:א -> [His mother is a. In the context of the trial, Rabbi D.C. wr | seif:11 marker:ב -> [This is the case to discuss Israel. Even the law of money a | seif:11 marker:ג -> [And he was called. I mean to be a man in a hurry.”"
,"siftei-kohen","1","seif:1 marker:ד -> [And] for the sake of the hearings. “And I will give you a l"
,"siftei-kohen","9","seif:1 marker:ב -> [They work as well. But the card and the drawing do not have | seif:1 marker:ג -> [And he said yes. It does not mean that it does not mean tha | seif:1 marker:ד -> [to name S.] He wrote in the Bible, “If it is processed ther | seif:1 marker:ה -> [Help me as well. Dasai seems to help Deshihu not only sway  | seif:3 marker:א -> [The card is. It is skin divided into years and the outer pa | seif:3 marker:ב -> [And our cards are like. What scratches his upper shell is n | seif:3 marker:ג -> [More expensive. Because the card is handsome because the go | seif:7 marker:א -> [in the right. As in Tefillin in the U.S., a sign of the “So | seif:7 marker:ב -> [J.S.] The pen and no comment:"
,"siftei-kohen","2","seif:1 marker:ב -> [J.S.] ""Who needs a lesson for the thickness of the page as  | seif:2 marker:א -> [For your families, . . . It is written in the name of the R"
,"siftei-kohen","1","seif:1 marker:א -> [It's a shame. And if he stopped and laid free in a place wh"
,"siftei-kohen","5","seif:2 marker:ב -> [And if he didn't do that, yes. ""And not from the light of t | seif:3 marker:א -> [The King of Israel. But the King of A is standing like a mo | seif:3 marker:ב -> [We did not sleep. And if he answered, he would not have don | seif:7 marker:ב -> [The Deleted As.] We were wiped out while we were wiped out  | seif:9 marker:ב -> [The humiliations of them. But in front of them, such as M. "
,"siftei-kohen","4","seif:1 marker:ב -> [Frant. And every time you do not break it is forbidden to h | seif:1 marker:ג -> [And if it is clear that he is a virgin. And DNA for all of  | seif:1 marker:ד -> [And yes, between page and page will be broken. It means a b | seif:1 marker:ח -> [And if there is no sign of the Lord. And it is not a reward"
,"siftei-kohen","2","seif:2 marker:ב -> [That's your responsibility. And if he is to be a criminal b | seif:2 marker:ד -> [The voice of the matter is. And the voice of the bells in t"
,"siftei-kohen","2","seif:2 marker:ב -> [And he was in the midst of his death. ""Who is the heirs of  | seif:2 marker:ג -> [And if you draw the top. It is permissible to write from th"
,"siftei-kohen","9","seif:1 marker:א -> [States. Mountains and valleys are surrounded by several Per | seif:1 marker:ב -> [Crying cattle. Daaa is instead of preaching from everywhere | seif:1 marker:ג -> [Tobin. It is a built room that is made of avan and a chicke | seif:1 marker:ו -> [But the house is exempt. It is because the little is of Sta | seif:1 marker:ז -> [And yes, the courts or towns. For some of the Starworkers t | seif:2 marker:א -> [And that's the case. That is to say, those who are not a re | seif:7 marker:ב -> [Trumps. ""Unspecial for the apartment."" | seif:7 marker:ג -> [A.A.] It is a gate. These are also on the balcony, and the  | seif:10 marker:א -> [And] And to the High Court of the High Court, the above sec"
,"siftei-kohen","1","seif:9 marker:ב -> [As a box. As a tent that is narrowed up and wide down and a"
,"siftei-kohen","1","seif:2 marker:ג -> [sense. But down from the top of the third, the Bible and th"
,"siftei-kohen","2","seif:2 marker:א -> [The house is called a house. Check out the Bible: | seif:2 marker:ב -> [And the house is working with stars. And then the end of th"
,"siftei-kohen","3","seif:2 marker:א -> [The cash maker. It is written that it is called and the bod | seif:2 marker:ב -> [We bought in Fides. It is not to say that the Lord has no k | seif:2 marker:ד -> [If it is called, is it?] It seems to me that the Lord has r"
,"siftei-kohen","3","seif:3 marker:ג -> [Ps 119:105. “And I will say, ‘Oh, this is what he has of Ma | seif:4 marker:א -> [And he was brought to the Lord. “The Lord has been seeded b | seif:4 marker:ב -> [And he did not begin to burn. It is in heaven if it is perm"
,"rabbi-akiva-eiger-yd","1","seif:8 marker:_ -> [T.S.A.A.A.A.S.A.A.A.S.A.A.A.A.-N.A.S.A.A.A.A.A.A.A.A.A.S.A."
,"siftei-kohen","9","seif:1 marker:א -> [Never. A.D. After a year and they don't have a discussion."" | seif:1 marker:ג -> [and their hawks. That is to say that he is the flower on th | seif:1 marker:ד -> [And they are in a quarter. “Abbas, a quarterly, dictates hi | seif:4 marker:ב -> [It took him a year. A year is important for the sake of abs | seif:6 marker:ב -> [The big or so.  סי . . . . . . | seif:6 marker:ד -> [It is called nuclear weapons. That is to say, a nuclear tes | seif:9 marker:א -> [And outside the country is allowed. D.C. is not as much as  | seif:9 marker:ב -> [There is a tendency to hide. And the rest of it also: | seif:22 marker:ב -> [Even grew up a lot. There are no permits from the prohibiti"
,"siftei-kohen","1","seif:4 marker:א -> [The jet of pottery. The column wrote a jet of wood:"
